Frame,Color
1,Copper Rose
2,Bazaar
3,Copper Rose
4,Copper Rose
5,Bazaar
6,Copper Rose
7,Copper Rose
8,Copper Rose
9,Bazaar
10,Copper Rose
11,Bazaar
12,Bazaar
13,Copper Rose
14,Copper Rose
15,Copper Rose
16,Copper Rose
17,Copper Rose
18,Bazaar
19,Bazaar
20,Copper Rose
21,Bazaar
22,Bazaar
23,Bazaar
24,Bazaar
25,Bazaar
26,Bazaar
27,Bazaar
28,Blast-Off Bronze
29,Beaver
30,Bazaar
31,Bazaar
32,Bazaar
33,Bazaar
34,Bazaar
35,Bazaar
36,Cinereous
37,Cinereous
38,Cinereous
39,Rosy Brown
40,Rosy Brown
41,Rosy Brown
42,Rosy Brown
43,Rosy Brown
44,Rosy Brown
45,Rosy Brown
46,Light Taupe
47,Light Taupe
48,Light Taupe
49,Light Taupe
50,Light Taupe
51,Light Taupe
52,Light Taupe
53,Light Taupe
54,Cinereous
55,Cinereous
56,Beaver
57,Dark Chestnut
58,Taupe
59,Bistre
60,Dark Sienna
61,Bistre
62,Bistre
63,Dark Jungle Green
64,Bistre
65,Bistre
66,Bistre
67,Bistre
68,Seal Brown
69,Dark Sienna
70,Tuscan Red
71,Copper Rose
72,Rose Taupe
73,Tuscan Red
74,Caput Mortuum
75,Caput Mortuum
76,Caput Mortuum
77,Quartz
78,Purple Taupe
79,Purple Taupe
80,Onyx
81,Davy'S Grey
82,Light Carmine Pink
83,Wild Watermelon
84,Dark Pink
85,Smokey Topaz
86,Antique Fuchsia
87,Antique Fuchsia
88,Antique Fuchsia
89,Antique Fuchsia
90,Antique Fuchsia
91,Medium Ruby
92,Turkish Rose
93,Mauve Taupe
94,Dark Sienna
95,Dark Sienna
96,Dark Sienna
97,Dark Sienna
98,Dark Sienna
99,Dark Sienna
100,Seal Brown
101,Dark Sienna
102,Dark Sienna
103,Dark Sienna
104,Bistre
105,Bistre
106,Purple Taupe
107,Old Lavender
108,Old Lavender
109,Wenge
110,Wenge
111,Wenge
112,Deep Ruby
113,Seal Brown
114,Bistre
115,Bistre
116,Bistre
117,Bistre
118,Onyx
119,Onyx
120,Eggplant
121,Dim Gray
122,Wenge
123,Wenge
124,Dim Gray
125,Eggplant
126,Deep Tuscan Red
127,Wenge
128,Wenge
129,Eggplant
130,Deep Tuscan Red
131,Dim Gray
132,Eggplant
133,Purple Taupe
134,Onyx
135,Taupe
136,Taupe
137,Eggplant
138,Old Lavender
139,Eggplant
140,Eggplant
141,Taupe
142,Dark Jungle Green
143,Onyx
144,Wenge
145,Purple Taupe
146,Seal Brown
147,Dark Sienna
148,Dark Sienna
149,Dark Sienna
150,Dark Scarlet
151,Dark Sienna
152,Bistre
153,Purple Taupe
154,Bistre
155,Dark Sienna
156,Bistre
157,Mountbatten Pink
158,Light Carmine Pink
159,Coral Pink
160,Pastel Red
161,Red-Orange
162,Radical Red
163,Pastel Red
164,Coral Pink
165,Pastel Red
166,Pastel Red
167,Pastel Red
168,Coral Red
169,Coral Red
170,Coral Red
171,Deep Carmine Pink
172,Scarlet (Crayola)
173,Scarlet (Crayola)
174,Scarlet (Crayola)
175,Scarlet (Crayola)
176,Red (Ryb)
177,Red (Ryb)
178,Red (Ryb)
179,Red (Ryb)
180,Red (Ryb)
181,Red (Ryb)
182,Red (Ryb)
183,Red (Ryb)
184,Red (Ryb)
185,Red (Ryb)
186,Candy Apple Red
187,Ruddy
188,Candy Apple Red
189,Ruddy
190,Candy Apple Red
191,Ruddy
192,Candy Apple Red
193,Ruddy
194,Ruddy
195,Candy Apple Red
196,Ruddy
197,Candy Apple Red
198,Candy Apple Red
199,Ruddy
200,Candy Apple Red
201,Ruddy
202,Ruddy
203,Candy Apple Red
204,Candy Apple Red
205,Ruddy
206,Candy Apple Red
207,Ruddy
208,Ruddy
209,Ruddy
210,Ruddy
211,Ruddy
212,Ruddy
213,Ruddy
214,Ruddy
215,Ruddy
216,Ruddy
217,Ruddy
218,Ruddy
219,Ruddy
220,Ruddy
221,Ruddy
222,Ruddy
223,Candy Apple Red
224,Ruddy
225,Ruddy
226,Ruddy
227,Ruddy
228,Ruddy
229,Ruddy
230,Ruddy
231,Ruddy
232,Ruddy
233,Ruddy
234,Ruddy
235,Ruddy
236,Ruddy
237,Ruddy
238,Ruddy
239,Ruddy
240,Ruddy
241,Ruddy
242,Ruddy
243,Red (Ryb)
244,Ruddy
245,Candy Apple Red
246,Ruddy
247,Ruddy
248,Ruddy
249,Ruddy
250,Candy Apple Red
251,Ruddy
252,Ruddy
253,Red (Ryb)
254,Ruddy
255,Candy Apple Red
256,Candy Apple Red
257,Candy Apple Red
258,Candy Apple Red
259,Candy Apple Red
260,Candy Apple Red
261,Ruddy
262,Scarlet (Crayola)
263,Ruddy
264,Ruddy
265,Ruddy
266,Red (Ryb)
267,Candy Apple Red
268,Candy Apple Red
269,Candy Apple Red
270,Red (Ryb)
271,Red (Ryb)
272,Red (Ryb)
273,Candy Apple Red
274,Red (Ryb)
275,Red (Ryb)
276,Red (Ryb)
277,Red (Ryb)
278,Red (Ryb)
279,Candy Apple Red
280,Candy Apple Red
281,Ruddy
282,Ruddy
283,Ruddy
284,Candy Apple Red
285,Candy Apple Red
286,Ruddy
287,Candy Apple Red
288,Candy Apple Red
289,Candy Apple Red
290,Candy Apple Red
291,Candy Apple Red
292,Candy Apple Red
293,Ruddy
294,Ruddy
295,Candy Apple Red
296,Ruddy
297,Candy Apple Red
298,Candy Apple Red
299,Ruddy
300,Candy Apple Red
301,Candy Apple Red
302,Candy Apple Red
303,Ruddy
304,Ruddy
305,Ruddy
306,Ruddy
307,Ruddy
308,Ruddy
309,Ruddy
310,Carmine
311,Dark Scarlet
312,Dark Scarlet
313,Seal Brown
314,Bulgarian Rose
315,Zinnwaldite Brown
316,Zinnwaldite Brown
317,Seal Brown
318,Seal Brown
319,Seal Brown
320,Seal Brown
321,Seal Brown
322,Seal Brown
323,Seal Brown
324,Seal Brown
325,Seal Brown
326,Seal Brown
327,Seal Brown
328,Dark Sienna
329,Seal Brown
330,Seal Brown
331,Dark Sienna
332,Seal Brown
333,Seal Brown
334,Seal Brown
335,Seal Brown
336,Seal Brown
337,Seal Brown
338,Seal Brown
339,Seal Brown
340,Seal Brown
341,Seal Brown
342,Dark Sienna
343,Seal Brown
344,Dark Sienna
345,Seal Brown
346,Seal Brown
347,Seal Brown
348,Seal Brown
349,Seal Brown
350,Seal Brown
351,Seal Brown
352,Seal Brown
353,Seal Brown
354,Seal Brown
355,Seal Brown
356,Seal Brown
357,Dark Sienna
358,Carmine
359,Scarlet (Crayola)
360,Scarlet (Crayola)
361,Red (Ryb)
362,Scarlet (Crayola)
363,Red (Ryb)
364,Red (Ryb)
365,Scarlet (Crayola)
366,Red (Ryb)
367,Scarlet (Crayola)
368,Deep Carmine Pink
369,Red (Ryb)
370,Red (Ryb)
371,Red (Ryb)
372,Scarlet (Crayola)
373,Scarlet (Crayola)
374,Scarlet (Crayola)
375,Ruddy
376,Ruddy
377,Ruddy
378,Ruddy
379,Scarlet (Crayola)
380,Ruddy
381,Scarlet (Crayola)
382,Scarlet (Crayola)
383,Ruddy
384,Ruddy
385,Ruddy
386,Ruddy
387,Scarlet (Crayola)
388,Scarlet (Crayola)
389,Scarlet (Crayola)
390,Scarlet (Crayola)
391,Scarlet (Crayola)
392,Scarlet (Crayola)
393,Scarlet (Crayola)
394,Scarlet (Crayola)
395,Scarlet (Crayola)
396,Scarlet (Crayola)
397,Ruddy
398,Scarlet (Crayola)
399,Scarlet (Crayola)
400,Scarlet (Crayola)
401,Ruby Red
402,Prune
403,Prune
404,Antique Ruby
405,Burgundy
406,Vivid Burgundy
407,Cardinal
408,Amaranth
409,Scarlet (Crayola)
410,Scarlet (Crayola)
411,Scarlet (Crayola)
412,Scarlet (Crayola)
413,Scarlet (Crayola)
414,Scarlet (Crayola)
415,Scarlet (Crayola)
416,Deep Carmine Pink
417,Amaranth
418,Maroon (Crayola)
419,Ruby Red
420,Vivid Burgundy
421,Antique Ruby
422,Antique Ruby
423,Prune
424,Prune
425,Prune
426,Burgundy
427,Medium Candy Apple Red
428,Scarlet (Crayola)
429,Ruddy
430,Ruddy
431,Ruddy
432,Ruddy
433,Scarlet (Crayola)
434,Scarlet (Crayola)
435,Scarlet (Crayola)
436,Scarlet (Crayola)
437,Scarlet (Crayola)
438,Scarlet (Crayola)
439,Scarlet (Crayola)
440,Scarlet (Crayola)
441,Scarlet (Crayola)
442,Ruddy
443,Red (Ryb)
444,Ruddy
445,Ruddy
446,Red (Ryb)
447,Ruddy
448,Ruddy
449,Ruddy
450,Red (Ryb)
451,Red (Ryb)
452,Red (Ryb)
453,Red (Ryb)
454,Red (Ryb)
455,Ruddy
456,Ruddy
457,Red (Ryb)
458,Red (Ryb)
459,Red (Ryb)
460,Red (Ryb)
461,Red (Ryb)
462,Red (Ryb)
463,Red (Ryb)
464,Red (Ryb)
465,Red (Ryb)
466,Ruddy
467,Candy Apple Red
468,Candy Apple Red
469,Candy Apple Red
470,Candy Apple Red
471,Candy Apple Red
472,Red (Ryb)
473,Red (Ryb)
474,Red (Ryb)
475,Candy Apple Red
476,Red (Ryb)
477,Candy Apple Red
478,Candy Apple Red
479,Candy Apple Red
480,Ruddy
481,Ruddy
482,Candy Apple Red
483,Candy Apple Red
484,Ruddy
485,Ruddy
486,Ruddy
487,Candy Apple Red
488,Candy Apple Red
489,Ruddy
490,Candy Apple Red
491,Ruddy
492,Candy Apple Red
493,Red (Ryb)
494,Red (Ryb)
495,Candy Apple Red
496,Ruddy
497,Red (Ryb)
498,Candy Apple Red
499,Candy Apple Red
500,Candy Apple Red
501,Ruddy
502,Ruddy
503,Ruddy
504,Ruddy
505,Ruddy
506,Ruddy
507,Ruddy
508,Ruddy
509,Ruddy
510,Candy Apple Red
511,Ruddy
512,Ruddy
513,Ruddy
514,Candy Apple Red
515,Candy Apple Red
516,Ruddy
517,Candy Apple Red
518,Ruddy
519,Ruddy
520,Ruddy
521,Candy Apple Red
522,Candy Apple Red
523,Ruddy
524,Candy Apple Red
525,Candy Apple Red
526,Candy Apple Red
527,Candy Apple Red
528,Candy Apple Red
529,Candy Apple Red
530,Candy Apple Red
531,Candy Apple Red
532,Candy Apple Red
533,Ruddy
534,Candy Apple Red
535,Candy Apple Red
536,Candy Apple Red
537,Candy Apple Red
538,Candy Apple Red
539,Red (Ryb)
540,Ruddy
541,Candy Apple Red
542,Red (Ryb)
543,Ruddy
544,Ruddy
545,Candy Apple Red
546,Red (Ryb)
547,Candy Apple Red
548,Red (Ryb)
549,Candy Apple Red
550,Red (Ryb)
551,Red (Ryb)
552,Red (Ryb)
553,Ruddy
554,Candy Apple Red
555,Candy Apple Red
556,Ruddy
557,Candy Apple Red
558,Candy Apple Red
559,Candy Apple Red
560,Ruddy
561,Candy Apple Red
562,Candy Apple Red
563,Candy Apple Red
564,Candy Apple Red
565,Candy Apple Red
566,Ruddy
567,Candy Apple Red
568,Candy Apple Red
569,Candy Apple Red
570,Candy Apple Red
571,Candy Apple Red
572,Ruddy
573,Candy Apple Red
574,Candy Apple Red
575,Candy Apple Red
576,Candy Apple Red
577,Candy Apple Red
578,Candy Apple Red
579,Candy Apple Red
580,Candy Apple Red
581,Ruddy
582,Candy Apple Red
583,Candy Apple Red
584,Candy Apple Red
585,Candy Apple Red
586,Candy Apple Red
587,Candy Apple Red
588,Candy Apple Red
589,Candy Apple Red
590,Candy Apple Red
591,Candy Apple Red
592,Candy Apple Red
593,Candy Apple Red
594,Candy Apple Red
595,Candy Apple Red
596,Candy Apple Red
597,Candy Apple Red
598,Candy Apple Red
599,Candy Apple Red
600,Candy Apple Red
601,Candy Apple Red
602,Candy Apple Red
603,Ruddy
604,Candy Apple Red
605,Candy Apple Red
606,Candy Apple Red
607,Candy Apple Red
608,Ruddy
609,Candy Apple Red
610,Candy Apple Red
611,Candy Apple Red
612,Candy Apple Red
613,Candy Apple Red
614,Ruddy
615,Ruddy
616,Candy Apple Red
617,Candy Apple Red
618,Ruddy
619,Candy Apple Red
620,Candy Apple Red
621,Candy Apple Red
622,Candy Apple Red
623,Ruddy
624,Candy Apple Red
625,Candy Apple Red
626,Candy Apple Red
627,Candy Apple Red
628,Ruddy
629,Ruddy
630,Ruddy
631,Red (Ryb)
632,Ruddy
633,Scarlet (Crayola)
634,Scarlet (Crayola)
635,Red (Ryb)
636,Scarlet (Crayola)
637,Scarlet (Crayola)
638,Scarlet (Crayola)
639,Deep Carmine Pink
640,Scarlet (Crayola)
641,Scarlet (Crayola)
642,Scarlet (Crayola)
643,Red (Ryb)
644,Scarlet (Crayola)
645,Scarlet (Crayola)
646,Scarlet (Crayola)
647,Scarlet (Crayola)
648,Scarlet (Crayola)
649,Scarlet (Crayola)
650,Scarlet (Crayola)
651,Scarlet (Crayola)
652,Scarlet (Crayola)
653,Scarlet (Crayola)
654,Scarlet (Crayola)
655,Scarlet (Crayola)
656,Scarlet (Crayola)
657,Scarlet (Crayola)
658,Scarlet (Crayola)
659,Ruddy
660,Ruddy
661,Ruddy
662,Red (Ryb)
663,Ruddy
664,Red (Ryb)
665,Ruddy
666,Ruddy
667,Ruddy
668,Ruddy
669,Ruddy
670,Red (Ryb)
671,Ruddy
672,Candy Apple Red
673,Ruddy
674,Ruddy
675,Candy Apple Red
676,Ruddy
677,Ruddy
678,Ruddy
679,Ruddy
680,Ruddy
681,Ruddy
682,Ruddy
683,Ruddy
684,Ruddy
685,Ruddy
686,Ruddy
687,Ruddy
688,Ruddy
689,Ruddy
690,Ruddy
691,Ruddy
692,Ruddy
693,Ruddy
694,Candy Apple Red
695,Ruddy
696,Ruddy
697,Ruddy
698,Ruddy
699,Ruddy
700,Ruddy
701,Ruddy
702,Ruddy
703,Ruddy
704,Ruddy
705,Ruddy
706,Ruddy
707,Ruddy
708,Ruddy
709,Ruddy
710,Ruddy
711,Ruddy
712,Ruddy
713,Ruddy
714,Ruddy
715,Red (Ryb)
716,Ruddy
717,Red (Ryb)
718,Ruddy
719,Red (Ryb)
720,Red (Ryb)
721,Red (Ryb)
722,Red (Ryb)
723,Ruddy
724,Red (Ryb)
725,Red (Ryb)
726,Red (Ryb)
727,Red (Ryb)
728,Ruddy
729,Red (Ryb)
730,Red (Ryb)
731,Red (Ryb)
732,Red (Ryb)
733,Red (Ryb)
734,Red (Ryb)
735,Red (Ryb)
736,Red (Ryb)
737,Red (Ryb)
738,Ruddy
739,Red (Ryb)
740,Ruddy
741,Ruddy
742,Red (Ryb)
743,Ruddy
744,Ruddy
745,Ruddy
746,Ruddy
747,Ruddy
748,Ruddy
749,Red (Ryb)
750,Red (Ryb)
751,Red (Ryb)
752,Ruddy
753,Ruddy
754,Red (Ryb)
755,Red (Ryb)
756,Ruddy
757,Red (Ryb)
758,Red (Ryb)
759,Red (Ryb)
760,Ruddy
761,Ruddy
762,Ruddy
763,Ruddy
764,Ruddy
765,Red (Ryb)
766,Ruddy
767,Ruddy
768,Red (Ryb)
769,Ruddy
770,Ruddy
771,Ruddy
772,Ruddy
773,Ruddy
774,Ruddy
775,Red (Ryb)
776,Ruddy
777,Ruddy
778,Ruddy
779,Red (Ryb)
780,Ruddy
781,Ruddy
782,Ruddy
783,Ruddy
784,Ruddy
785,Ruddy
786,Ruddy
787,Ruddy
788,Ruddy
789,Ruddy
790,Candy Apple Red
791,Ruddy
792,Candy Apple Red
793,Ruddy
794,Ruddy
795,Ruddy
796,Candy Apple Red
797,Ruddy
798,Ruddy
799,Red (Ryb)
800,Ruddy
801,Red (Ryb)
802,Ruddy
803,Ruddy
804,Red (Ryb)
805,Candy Apple Red
806,Ruddy
807,Ruddy
808,Ruddy
809,Ruddy
810,Red (Ryb)
811,Ruddy
812,Ruddy
813,Ruddy
814,Ruddy
815,Ruddy
816,Ruddy
817,Red (Ryb)
818,Candy Apple Red
819,Red (Ryb)
820,Red (Ryb)
821,Ruddy
822,Red (Ryb)
823,Red (Ryb)
824,Red (Ryb)
825,Red (Ryb)
826,Red (Ryb)
827,Red (Ryb)
828,Red (Ryb)
829,Red (Ryb)
830,Red (Ryb)
831,Red (Ryb)
832,Red (Ryb)
833,Red (Ryb)
834,Red (Ryb)
835,Candy Apple Red
836,Red (Ryb)
837,Red (Ryb)
838,Red (Ryb)
839,Red (Ryb)
840,Ruddy
841,Ruddy
842,Ruddy
843,Ruddy
844,Ruddy
845,Red (Ryb)
846,Ruddy
847,Red (Ryb)
848,Ruddy
849,Ruddy
850,Ruddy
851,Ruddy
852,Red (Ryb)
853,Ruddy
854,Red (Ryb)
855,Ruddy
856,Red (Ryb)
857,Red (Ryb)
858,Red (Ryb)
859,Ruddy
860,Ruddy
861,Ruddy
862,Ruddy
863,Candy Apple Red
864,Ruddy
865,Ruddy
866,Ruddy
867,Ruddy
868,Red (Ryb)
869,Ruddy
870,Ruddy
871,Ruddy
872,Ruddy
873,Ruddy
874,Ruddy
875,Red (Ryb)
876,Ruddy
877,Ruddy
878,Ruddy
879,Ruddy
880,Candy Apple Red
881,Red (Ryb)
882,Ruddy
883,Ruddy
884,Ruddy
885,Ruddy
886,Ruddy
887,Ruddy
888,Red (Ryb)
889,Red (Ryb)
890,Ruddy
891,Candy Apple Red
892,Ruddy
893,Red (Ryb)
894,Ruddy
895,Red (Ryb)
896,Ruddy
897,Red (Ryb)
898,Red (Ryb)
899,Red (Ryb)
900,Ruddy
901,Red (Ryb)
902,Ruddy
903,Red (Ryb)
904,Ruddy
905,Red (Ryb)
906,Red (Ryb)
907,Scarlet (Crayola)
908,Red (Ryb)
909,Red (Ryb)
910,Ruddy
911,Red (Ryb)
912,Red (Ryb)
913,Red (Ryb)
914,Red (Ryb)
915,Red (Ryb)
916,Red (Ryb)
917,Red (Ryb)
918,Red (Ryb)
919,Red (Ryb)
920,Red (Ryb)
921,Red (Ryb)
922,Ruddy
923,Ruddy
924,Ruddy
925,Ruddy
926,Ruddy
927,Ruddy
928,Red (Ryb)
929,Red (Ryb)
930,Red (Ryb)
931,Red (Ryb)
932,Red (Ryb)
933,Ruddy
934,Ruddy
935,Red (Ryb)
936,Ruddy
937,Ruddy
938,Candy Apple Red
939,Red (Ryb)
940,Red (Ryb)
941,Ruddy
942,Red (Ryb)
943,Ruddy
944,Red (Ryb)
945,Ruddy
946,Ruddy
947,Red (Ryb)
948,Red (Ryb)
949,Ruddy
950,Ruddy
951,Ruddy
952,Ruddy
953,Ruddy
954,Red (Ryb)
955,Ruddy
956,Ruddy
957,Ruddy
958,Ruddy
959,Ruddy
960,Red (Ryb)
961,Ruddy
962,Ruddy
963,Ruddy
964,Ruddy
965,Ruddy
966,Ruddy
967,Ruddy
968,Ruddy
969,Ruddy
970,Ruddy
971,Red (Ryb)
972,Ruddy
973,Ruddy
974,Ruddy
975,Ruddy
976,Ruddy
977,Ruddy
978,Red (Ryb)
979,Red (Ryb)
980,Ruddy
981,Ruddy
982,Ruddy
983,Ruddy
984,Candy Apple Red
985,Red (Ryb)
986,Ruddy
987,Red (Ryb)
988,Ruddy
989,Red (Ryb)
990,Ruddy
991,Ruddy
992,Ruddy
993,Ruddy
994,Red (Ryb)
995,Red (Ryb)
996,Ruddy
997,Red (Ryb)
998,Red (Ryb)
999,Ruddy
1000,Red (Ryb)
1001,Red (Ryb)
1002,Scarlet (Crayola)
1003,Red (Ryb)
1004,Red (Ryb)
1005,Red (Ryb)
1006,Red (Ryb)
1007,Red (Ryb)
1008,Red (Ryb)
1009,Red (Ryb)
1010,Red (Ryb)
1011,Red (Ryb)
1012,Red (Ryb)
1013,Ruddy
1014,Red (Ryb)
1015,Candy Apple Red
1016,Ruddy
1017,Red (Ryb)
1018,Red (Ryb)
1019,Ruddy
1020,Ruddy
1021,Red (Ryb)
1022,Ruddy
1023,Ruddy
1024,Red (Ryb)
1025,Ruddy
1026,Ruddy
1027,Red (Ryb)
1028,Red (Ryb)
1029,Red (Ryb)
1030,Ruddy
1031,Ruddy
1032,Ruddy
1033,Ruddy
1034,Ruddy
1035,Ruddy
1036,Ruddy
1037,Ruddy
1038,Ruddy
1039,Ruddy
1040,Red (Ryb)
1041,Ruddy
1042,Ruddy
1043,Ruddy
1044,Scarlet (Crayola)
1045,Red (Ryb)
1046,Ruddy
1047,Ruddy
1048,Scarlet (Crayola)
1049,Ruddy
1050,Ruddy
1051,Ruddy
1052,Ruddy
1053,Ruddy
1054,Ruddy
1055,Ruddy
1056,Ruddy
1057,Ruddy
1058,Candy Apple Red
1059,Candy Apple Red
1060,Candy Apple Red
1061,Candy Apple Red
1062,Candy Apple Red
1063,Candy Apple Red
1064,Ruddy
1065,Candy Apple Red
1066,Candy Apple Red
1067,Candy Apple Red
1068,Ruddy
1069,Candy Apple Red
1070,Candy Apple Red
1071,Candy Apple Red
1072,Ruddy
1073,Ruddy
1074,Ruddy
1075,Ruddy
1076,Ruddy
1077,Candy Apple Red
1078,Ruddy
1079,Ruddy
1080,Ruddy
1081,Candy Apple Red
1082,Candy Apple Red
1083,Candy Apple Red
1084,Candy Apple Red
1085,Candy Apple Red
1086,Ruddy
1087,Burgundy
1088,Dark Sienna
1089,Seal Brown
1090,Rosewood
1091,Lava
1092,Lava
1093,Red (Ryb)
1094,Red (Ryb)
1095,Red (Ryb)
1096,Scarlet
1097,Candy Apple Red
1098,Red (Ryb)
1099,Red (Ryb)
1100,Red (Ryb)
1101,Red (Ryb)
1102,Red (Ryb)
1103,Red (Ryb)
1104,Red (Ryb)
1105,Red (Ryb)
1106,Red (Ryb)
1107,Red (Ryb)
1108,Red (Ryb)
1109,Red (Ryb)
1110,Red (Ryb)
1111,Ruddy
1112,Ruddy
1113,Ruddy
1114,Red (Ryb)
1115,Ruddy
1116,Ruddy
1117,Scarlet (Crayola)
1118,Ruddy
1119,Red (Ryb)
1120,Scarlet (Crayola)
1121,Ruddy
1122,Ruddy
1123,Red (Ryb)
1124,Ruddy
1125,Scarlet (Crayola)
1126,Ruddy
1127,Ruddy
1128,Ruddy
1129,Ruddy
1130,Ruddy
1131,Ruddy
1132,Ruddy
1133,Scarlet (Crayola)
1134,Ruddy
1135,Ruddy
1136,Ruddy
1137,Ruddy
1138,Ruddy
1139,Ruddy
1140,Ruddy
1141,Ruddy
1142,Ruddy
1143,Red (Ryb)
1144,Ruddy
1145,Ruddy
1146,Ruddy
1147,Ruddy
1148,Ruddy
1149,Ruddy
1150,Red (Ryb)
1151,Red (Ryb)
1152,Ruddy
1153,Ruddy
1154,Ruddy
1155,Ruddy
1156,Ruddy
1157,Ruddy
1158,Candy Apple Red
1159,Ruddy
1160,Ruddy
1161,Ruddy
1162,Scarlet (Crayola)
1163,Ruddy
1164,Ruddy
1165,Red (Ryb)
1166,Scarlet (Crayola)
1167,Scarlet (Crayola)
1168,Scarlet (Crayola)
1169,Scarlet (Crayola)
1170,Scarlet (Crayola)
1171,Scarlet (Crayola)
1172,Scarlet (Crayola)
1173,Scarlet (Crayola)
1174,Scarlet (Crayola)
1175,Scarlet (Crayola)
1176,Scarlet (Crayola)
1177,Scarlet (Crayola)
1178,Scarlet (Crayola)
1179,Scarlet (Crayola)
1180,Scarlet (Crayola)
1181,Scarlet (Crayola)
1182,Scarlet (Crayola)
1183,Scarlet (Crayola)
1184,Scarlet (Crayola)
1185,Scarlet (Crayola)
1186,Scarlet (Crayola)
1187,Cardinal
1188,Burgundy
1189,Wine Dregs
1190,Bazaar
1191,Wine Dregs
1192,Seal Brown
1193,Bulgarian Rose
1194,Bulgarian Rose
1195,Bulgarian Rose
1196,Bulgarian Rose
1197,Bulgarian Rose
1198,Dark Sienna
1199,Bulgarian Rose
1200,Seal Brown
1201,Seal Brown
1202,Mauve Taupe
1203,Antique Fuchsia
1204,Wine Dregs
1205,Burgundy
1206,Ruby Red
1207,Lava
1208,Crimson
1209,Medium Candy Apple Red
1210,Medium Candy Apple Red
1211,Crimson
1212,Lava
1213,Crimson
1214,Red (Munsell)
1215,American Rose
1216,Scarlet (Crayola)
1217,Scarlet (Crayola)
1218,Scarlet (Crayola)
1219,Scarlet (Crayola)
1220,Scarlet (Crayola)
1221,Scarlet (Crayola)
1222,Scarlet (Crayola)
1223,Scarlet (Crayola)
1224,Scarlet (Crayola)
1225,Ruddy
1226,Ruddy
1227,Ku Crimson
1228,Cardinal
1229,China Rose
1230,Mountbatten Pink
1231,Eggplant
1232,Eggplant
1233,Blast-Off Bronze
1234,Tuscan Red
1235,Deep Coffee
1236,Medium Tuscan Red
1237,Tuscan Red
1238,Medium Taupe
1239,Taupe
1240,Pastel Brown
1241,Dark Chestnut
1242,Dark Chestnut
1243,Copper Rose
1244,Dark Chestnut
1245,Dark Chestnut
1246,Pastel Brown
1247,Medium Taupe
1248,Taupe
1249,Licorice
1250,Licorice
1251,Licorice
1252,Licorice
1253,Licorice
1254,Licorice
1255,Licorice
1256,Licorice
1257,Licorice
1258,Licorice
1259,Licorice
1260,Licorice
1261,Licorice
1262,Licorice
1263,Licorice
1264,Licorice
1265,Licorice
1266,Licorice
1267,Licorice
1268,Licorice
1269,Licorice
1270,Licorice
1271,Licorice
1272,Licorice
1273,Licorice
1274,Licorice
1275,Licorice
1276,Licorice
1277,Licorice
1278,Black
1279,Black
1280,Black
1281,Black
1282,Black
1283,Black
1284,Licorice
1285,Licorice
1286,Black
1287,Black
1288,Black
1289,Black
1290,Black
1291,Black
1292,Black
1293,Black
1294,Black
1295,Black
1296,Black
1297,Black
1298,Black
1299,Black
1300,Black
1301,Black
1302,Black
1303,Black
1304,Black
1305,Black
1306,Black
1307,Black
1308,Black
1309,Black
1310,Black
1311,Black
1312,Black
1313,Black
1314,Black
1315,Black
1316,Black
1317,Black
1318,Black
1319,Black
1320,Black
1321,Black
1322,Black
1323,Black
1324,Black
1325,Black
1326,Black
1327,Black
1328,Black
1329,Black
1330,Black
1331,Black
1332,Black
1333,Black
1334,Black
1335,Black
1336,Black
1337,Black
1338,Black
1339,Black
1340,Black
1341,Black
1342,Black
1343,Black
1344,Black
1345,Black
1346,Black
1347,Black
1348,Black
1349,Black
1350,Black
1351,Black
1352,Black
1353,Black
1354,Black
1355,Black
1356,Black
1357,Black
1358,Black
1359,Black
1360,Black
1361,Black
1362,Black
1363,Black
1364,Black
1365,Black
1366,Black
1367,Black
1368,Black
1369,Black
1370,Black
1371,Licorice
1372,Black
1373,Black
1374,Black
1375,Black
1376,Black
1377,Black
1378,Black
1379,Black
1380,Black
1381,Black
1382,Black
1383,Black
1384,Black
1385,Black
1386,Black
1387,Black
1388,Black
1389,Black
1390,Black
1391,Black
1392,Black
1393,Black
1394,Black
1395,Black
1396,Black
1397,Black
1398,Black
1399,Black
1400,Black
1401,Black
1402,Black
1403,Black
1404,Black
1405,Black
1406,Black
1407,Black
1408,Black
1409,Black
1410,Black
1411,Black
1412,Black
1413,Black
1414,Black
1415,Black
1416,Black
1417,Black
1418,Black
1419,Black
1420,Black
1421,Black
1422,Black
1423,Black
1424,Black
1425,Black
1426,Black
1427,Licorice
1428,Licorice
1429,Licorice
1430,Black
1431,Black
1432,Black
1433,Black
1434,Black
1435,Black
1436,Black
1437,Black
1438,Black
1439,Black
1440,Black
1441,Black
1442,Black
1443,Black
1444,Black
1445,Black
1446,Black
1447,Black
1448,Black
1449,Black
1450,Black
1451,Black
1452,Black
1453,Black
1454,Black
1455,Black
1456,Black
1457,Black
1458,Black
1459,Black
1460,Black
1461,Black
1462,Black
1463,Black
1464,Black
1465,Black
1466,Black
1467,Black
1468,Black
1469,Black
1470,Black
1471,Black
1472,Black
1473,Black
1474,Black
1475,Licorice
1476,Black
1477,Black
1478,Black
1479,Black
1480,Black
1481,Black
1482,Black
1483,Black
1484,Black
1485,Black
1486,Black
1487,Black
1488,Black
1489,Black
1490,Black
1491,Black
1492,Black
1493,Black
1494,Black
1495,Black
1496,Licorice
1497,Black
1498,Black
1499,Black
1500,Black
1501,Licorice
1502,Black
1503,Black
1504,Black
1505,Black
1506,Black
1507,Black
1508,Black
1509,Black
1510,Black
1511,Black
1512,Black
1513,Black
1514,Black
1515,Black
1516,Black
1517,Black
1518,Black
1519,Black
1520,Black
1521,Black
1522,Black
1523,Black
1524,Black
1525,Black
1526,Black
1527,Black
1528,Black
1529,Black
1530,Black
1531,Black
1532,Black
1533,Black
1534,Black
1535,Black
1536,Black
1537,Black
1538,Black
1539,Black
1540,Black
1541,Black
1542,Black
1543,Black
1544,Black
1545,Black
1546,Black
1547,Black
1548,Black
1549,Black
1550,Black
1551,Black
1552,Black
1553,Black
1554,Black
1555,Black
1556,Black
1557,Black
1558,Black
1559,Black
1560,Black
1561,Black
1562,Black
1563,Black
1564,Black
1565,Black
1566,Licorice
1567,Black
1568,Black
1569,Black
1570,Licorice
1571,Black
1572,Licorice
1573,Black
1574,Black
1575,Black
1576,Black
1577,Licorice
1578,Licorice
1579,Black
1580,Black
1581,Licorice
1582,Licorice
1583,Black
1584,Black
1585,Black
1586,Black
1587,Black
1588,Black
1589,Black
1590,Black
1591,Black
1592,Black
1593,Black
1594,Black
1595,Black
1596,Black
1597,Black
1598,Black
1599,Black
1600,Black
1601,Black
1602,Black
1603,Black
1604,Licorice
1605,Black
1606,Black
1607,Licorice
1608,Licorice
1609,Licorice
1610,Black
1611,Black
1612,Black
1613,Black
1614,Black
1615,Black
1616,Black
1617,Black
1618,Licorice
1619,Black
1620,Black
1621,Black
1622,Licorice
1623,Black
1624,Licorice
1625,Licorice
1626,Black
1627,Black
1628,Black
1629,Black
1630,Licorice
1631,Black
1632,Licorice
1633,Black
1634,Black
1635,Licorice
1636,Black
1637,Licorice
1638,Black
1639,Black
1640,Licorice
1641,Black
1642,Black
1643,Black
1644,Licorice
1645,Black
1646,Black
1647,Black
1648,Licorice
1649,Licorice
1650,Black
1651,Black
1652,Black
1653,Black
1654,Black
1655,Black
1656,Black
1657,Black
1658,Black
1659,Black
1660,Black
1661,Black
1662,Black
1663,Licorice
1664,Licorice
1665,Black
1666,Black
1667,Black
1668,Black
1669,Black
1670,Black
1671,Black
1672,Black
1673,Black
1674,Black
1675,Black
1676,Black
1677,Licorice
1678,Licorice
1679,Licorice
1680,Licorice
1681,Licorice
1682,Licorice
1683,Licorice
1684,Licorice
1685,Licorice
1686,Licorice
1687,Licorice
1688,Licorice
1689,Black
1690,Licorice
1691,Licorice
1692,Licorice
1693,Licorice
1694,Licorice
1695,Licorice
1696,Licorice
1697,Licorice
1698,Licorice
1699,Licorice
1700,Licorice
1701,Licorice
1702,Licorice
1703,Licorice
1704,Licorice
1705,Licorice
1706,Licorice
1707,Licorice
1708,Licorice
1709,Licorice
1710,Licorice
1711,Licorice
1712,Licorice
1713,Licorice
1714,Black
1715,Black
1716,Licorice
1717,Licorice
1718,Licorice
1719,Licorice
1720,Licorice
1721,Licorice
1722,Black
1723,Licorice
1724,Licorice
1725,Black
1726,Black
1727,Black
1728,Black
1729,Black
1730,Black
1731,Black
1732,Licorice
1733,Black
1734,Licorice
1735,Black
1736,Licorice
1737,Black
1738,Licorice
1739,Black
1740,Licorice
1741,Black
1742,Licorice
1743,Licorice
1744,Licorice
1745,Black
1746,Licorice
1747,Licorice
1748,Licorice
1749,Licorice
1750,Licorice
1751,Licorice
1752,Licorice
1753,Licorice
1754,Licorice
1755,Licorice
1756,Licorice
1757,Licorice
1758,Licorice
1759,Licorice
1760,Black
1761,Licorice
1762,Black
1763,Licorice
1764,Licorice
1765,Black
1766,Licorice
1767,Black
1768,Licorice
1769,Licorice
1770,Licorice
1771,Licorice
1772,Black
1773,Black
1774,Black
1775,Black
1776,Black
1777,Black
1778,Licorice
1779,Black
1780,Black
1781,Black
1782,Black
1783,Black
1784,Black
1785,Licorice
1786,Black
1787,Black
1788,Black
1789,Black
1790,Black
1791,Black
1792,Black
1793,Licorice
1794,Licorice
1795,Black
1796,Black
1797,Black
1798,Black
1799,Black
1800,Black
1801,Black
1802,Black
1803,Black
1804,Black
1805,Black
1806,Black
1807,Black
1808,Licorice
1809,Black
1810,Black
1811,Black
1812,Black
1813,Black
1814,Black
1815,Black
1816,Black
1817,Black
1818,Black
1819,Black
1820,Black
1821,Black
1822,Black
1823,Black
1824,Black
1825,Black
1826,Black
1827,Black
1828,Black
1829,Black
1830,Licorice
1831,Licorice
1832,Black
1833,Black
1834,Licorice
1835,Black
1836,Black
1837,Black
1838,Licorice
1839,Black
1840,Black
1841,Black
1842,Black
1843,Black
1844,Black
1845,Black
1846,Black
1847,Black
1848,Black
1849,Black
1850,Black
1851,Black
1852,Licorice
1853,Licorice
1854,Black
1855,Black
1856,Licorice
1857,Black
1858,Licorice
1859,Black
1860,Black
1861,Black
1862,Black
1863,Black
1864,Black
1865,Black
1866,Black
1867,Black
1868,Licorice
1869,Licorice
1870,Black
1871,Black
1872,Black
1873,Licorice
1874,Licorice
1875,Licorice
1876,Black
1877,Black
1878,Licorice
1879,Black
1880,Black
1881,Black
1882,Black
1883,Licorice
1884,Black
1885,Black
1886,Black
1887,Licorice
1888,Black
1889,Black
1890,Black
1891,Black
1892,Black
1893,Licorice
1894,Black
1895,Black
1896,Black
1897,Black
1898,Licorice
1899,Licorice
1900,Black
1901,Black
1902,Black
1903,Black
1904,Black
1905,Black
1906,Licorice
1907,Black
1908,Licorice
1909,Black
1910,Black
1911,Licorice
1912,Licorice
1913,Licorice
1914,Black
1915,Black
1916,Black
1917,Licorice
1918,Black
1919,Licorice
1920,Black
1921,Black
1922,Licorice
1923,Black
1924,Black
1925,Black
1926,Black
1927,Black
1928,Black
1929,Licorice
1930,Black
1931,Licorice
1932,Licorice
1933,Licorice
1934,Licorice
1935,Licorice
1936,Licorice
1937,Licorice
1938,Licorice
1939,Licorice
1940,Licorice
1941,Bistre
1942,Pastel Brown
1943,Dark Chestnut
1944,Pastel Brown
1945,Wenge
1946,Raw Umber
1947,Dark Chestnut
1948,Shadow
1949,Dark Chestnut
1950,Rose Taupe
1951,Mauve Taupe
1952,Bazaar
1953,Mountbatten Pink
1954,Rosy Brown
1955,Rosy Brown
1956,Beaver
1957,Dark Chestnut
1958,Old Rose
1959,Tuscan Red
1960,Dark Green
1961,Lincoln Green
1962,Pakistan Green
1963,Pakistan Green
1964,Pakistan Green
1965,Pakistan Green
1966,Pakistan Green
1967,Pakistan Green
1968,Pakistan Green
1969,Pakistan Green
1970,Pakistan Green
1971,Green (Html/Css Green)
1972,La Salle Green
1973,Green (Ncs)
1974,Dartmouth Green
1975,Dartmouth Green
1976,Green (Ncs)
1977,Celeste (Colour)
1978,Light Cyan
1979,Light Cyan
1980,Light Cyan
1981,White
1982,White
1983,Jungle Green
1984,Green (Ncs)
1985,Shamrock Green
1986,Jungle Green
1987,Shamrock Green
1988,Green (Html/Css Green)
1989,Green (Html/Css Green)
1990,Green (Html/Css Green)
1991,Green (Html/Css Green)
1992,Green (Html/Css Green)
1993,Green (Html/Css Green)
1994,Green (Html/Css Green)
1995,Green (Html/Css Green)
1996,Green (Html/Css Green)
1997,Green (Html/Css Green)
1998,Green (Html/Css Green)
1999,Green (Html/Css Green)
2000,Green (Html/Css Green)
2001,Green (Html/Css Green)
2002,Green (Html/Css Green)
2003,Green (Html/Css Green)
2004,Green (Html/Css Green)
2005,Green (Html/Css Green)
2006,Green (Html/Css Green)
2007,Green (Html/Css Green)
2008,Green (Html/Css Green)
2009,Green (Html/Css Green)
2010,Green (Html/Css Green)
2011,Green (Html/Css Green)
2012,Green (Html/Css Green)
2013,Green (Html/Css Green)
2014,Green (Html/Css Green)
2015,Green (Html/Css Green)
2016,Green (Html/Css Green)
2017,Green (Html/Css Green)
2018,Green (Html/Css Green)
2019,Green (Html/Css Green)
2020,Green (Html/Css Green)
2021,Green (Html/Css Green)
2022,Green (Html/Css Green)
2023,Green (Html/Css Green)
2024,Green (Html/Css Green)
2025,Green (Html/Css Green)
2026,Green (Html/Css Green)
2027,Green (Html/Css Green)
2028,Green (Html/Css Green)
2029,Green (Html/Css Green)
2030,Green (Html/Css Green)
2031,Green (Html/Css Green)
2032,Green (Html/Css Green)
2033,Green (Html/Css Green)
2034,Green (Html/Css Green)
2035,Green (Html/Css Green)
2036,Green (Html/Css Green)
2037,Green (Html/Css Green)
2038,Green (Html/Css Green)
2039,Green (Html/Css Green)
2040,Green (Html/Css Green)
2041,Green (Html/Css Green)
2042,Green (Html/Css Green)
2043,Green (Html/Css Green)
2044,Green (Html/Css Green)
2045,Green (Html/Css Green)
2046,Green (Html/Css Green)
2047,Green (Html/Css Green)
2048,Green (Html/Css Green)
2049,Green (Html/Css Green)
2050,Green (Html/Css Green)
2051,Green (Html/Css Green)
2052,Green (Html/Css Green)
2053,Green (Html/Css Green)
2054,Green (Html/Css Green)
2055,Green (Html/Css Green)
2056,Green (Html/Css Green)
2057,Green (Html/Css Green)
2058,Green (Html/Css Green)
2059,Green (Html/Css Green)
2060,Green (Html/Css Green)
2061,Green (Html/Css Green)
2062,Green (Html/Css Green)
2063,Green (Html/Css Green)
2064,Green (Html/Css Green)
2065,Green (Html/Css Green)
2066,Green (Html/Css Green)
2067,Green (Html/Css Green)
2068,Green (Html/Css Green)
2069,Green (Html/Css Green)
2070,Green (Html/Css Green)
2071,Green (Html/Css Green)
2072,Green (Html/Css Green)
2073,Green (Html/Css Green)
2074,Green (Html/Css Green)
2075,Green (Html/Css Green)
2076,Green (Html/Css Green)
2077,Green (Html/Css Green)
2078,Green (Html/Css Green)
2079,Green (Html/Css Green)
2080,Green (Html/Css Green)
2081,Green (Html/Css Green)
2082,Green (Html/Css Green)
2083,Green (Html/Css Green)
2084,Green (Html/Css Green)
2085,Green (Html/Css Green)
2086,Green (Html/Css Green)
2087,Green (Html/Css Green)
2088,Green (Html/Css Green)
2089,Green (Html/Css Green)
2090,Green (Html/Css Green)
2091,Green (Html/Css Green)
2092,Green (Html/Css Green)
2093,Green (Html/Css Green)
2094,Green (Html/Css Green)
2095,Green (Html/Css Green)
2096,Green (Html/Css Green)
2097,Green (Html/Css Green)
2098,Green (Html/Css Green)
2099,Green (Html/Css Green)
2100,Green (Html/Css Green)
2101,Green (Html/Css Green)
2102,Green (Html/Css Green)
2103,Green (Html/Css Green)
2104,Green (Html/Css Green)
2105,Green (Html/Css Green)
2106,Green (Html/Css Green)
2107,Green (Html/Css Green)
2108,Green (Html/Css Green)
2109,Green (Html/Css Green)
2110,Green (Html/Css Green)
2111,Green (Html/Css Green)
2112,Green (Html/Css Green)
2113,Green (Html/Css Green)
2114,Green (Html/Css Green)
2115,Green (Html/Css Green)
2116,Green (Html/Css Green)
2117,Green (Html/Css Green)
2118,Green (Html/Css Green)
2119,Green (Html/Css Green)
2120,Green (Html/Css Green)
2121,Green (Html/Css Green)
2122,Pakistan Green
2123,Green (Html/Css Green)
2124,Green (Html/Css Green)
2125,Green (Html/Css Green)
2126,Pakistan Green
2127,Pakistan Green
2128,Green (Html/Css Green)
2129,Pakistan Green
2130,Green (Html/Css Green)
2131,Pakistan Green
2132,Pakistan Green
2133,Pakistan Green
2134,Pakistan Green
2135,Pakistan Green
2136,Pakistan Green
2137,Green (Html/Css Green)
2138,Green (Html/Css Green)
2139,Green (Html/Css Green)
2140,Green (Html/Css Green)
2141,Green (Html/Css Green)
2142,Pakistan Green
2143,Green (Html/Css Green)
2144,Green (Html/Css Green)
2145,Green (Html/Css Green)
2146,Green (Html/Css Green)
2147,Green (Html/Css Green)
2148,Pakistan Green
2149,Pakistan Green
2150,Pakistan Green
2151,Green (Html/Css Green)
2152,Pakistan Green
2153,Pakistan Green
2154,Green (Html/Css Green)
2155,Green (Html/Css Green)
2156,Green (Html/Css Green)
2157,Green (Html/Css Green)
2158,Green (Html/Css Green)
2159,Green (Html/Css Green)
2160,Pakistan Green
2161,Green (Html/Css Green)
2162,Green (Html/Css Green)
2163,Green (Html/Css Green)
2164,Green (Html/Css Green)
2165,Green (Html/Css Green)
2166,Green (Html/Css Green)
2167,Green (Html/Css Green)
2168,Green (Html/Css Green)
2169,Green (Html/Css Green)
2170,Green (Html/Css Green)
2171,Green (Html/Css Green)
2172,Green (Html/Css Green)
2173,Green (Html/Css Green)
2174,Green (Html/Css Green)
2175,Green (Html/Css Green)
2176,Green (Html/Css Green)
2177,Green (Html/Css Green)
2178,Green (Html/Css Green)
2179,Green (Html/Css Green)
2180,Green (Html/Css Green)
2181,Green (Html/Css Green)
2182,Green (Html/Css Green)
2183,Green (Html/Css Green)
2184,Green (Html/Css Green)
2185,Green (Html/Css Green)
2186,Green (Html/Css Green)
2187,Green (Html/Css Green)
2188,Green (Html/Css Green)
2189,Green (Html/Css Green)
2190,Green (Html/Css Green)
2191,Green (Html/Css Green)
2192,Green (Html/Css Green)
2193,Green (Html/Css Green)
2194,Green (Html/Css Green)
2195,Green (Html/Css Green)
2196,Green (Html/Css Green)
2197,Green (Html/Css Green)
2198,Green (Html/Css Green)
2199,Green (Html/Css Green)
2200,Green (Html/Css Green)
2201,Green (Html/Css Green)
2202,Green (Html/Css Green)
2203,Green (Html/Css Green)
2204,Green (Html/Css Green)
2205,Green (Html/Css Green)
2206,Green (Html/Css Green)
2207,Green (Html/Css Green)
2208,Green (Html/Css Green)
2209,Green (Html/Css Green)
2210,Green (Html/Css Green)
2211,Pakistan Green
2212,Pakistan Green
2213,Pakistan Green
2214,Pakistan Green
2215,Pakistan Green
2216,Pakistan Green
2217,Pakistan Green
2218,Pakistan Green
2219,Pakistan Green
2220,Pakistan Green
2221,Pakistan Green
2222,Pakistan Green
2223,Pakistan Green
2224,Pakistan Green
2225,Pakistan Green
2226,Pakistan Green
2227,Pakistan Green
2228,Pakistan Green
2229,Pakistan Green
2230,Green (Html/Css Green)
2231,Green (Html/Css Green)
2232,Green (Html/Css Green)
2233,Green (Html/Css Green)
2234,Green (Html/Css Green)
2235,Green (Html/Css Green)
2236,Green (Html/Css Green)
2237,Green (Html/Css Green)
2238,Green (Html/Css Green)
2239,Green (Html/Css Green)
2240,Green (Html/Css Green)
2241,Green (Html/Css Green)
2242,Green (Html/Css Green)
2243,Green (Html/Css Green)
2244,Pakistan Green
2245,Green (Html/Css Green)
2246,Green (Html/Css Green)
2247,Green (Html/Css Green)
2248,Pakistan Green
2249,Pakistan Green
2250,Green (Html/Css Green)
2251,Pakistan Green
2252,Pakistan Green
2253,Pakistan Green
2254,Pakistan Green
2255,Pakistan Green
2256,Pakistan Green
2257,Pakistan Green
2258,Pakistan Green
2259,Pakistan Green
2260,Pakistan Green
2261,Pakistan Green
2262,Pakistan Green
2263,Pakistan Green
2264,Pakistan Green
2265,Pakistan Green
2266,Pakistan Green
2267,Pakistan Green
2268,Licorice
2269,Tuscan Red
2270,Tuscan Red
2271,Old Rose
2272,Light Taupe
2273,Rosy Brown
2274,Ash Grey
2275,Ash Grey
2276,Ash Grey
2277,Ash Grey
2278,Ash Grey
2279,Rose Quartz
2280,Rose Quartz
2281,Rose Quartz
2282,Ash Grey
2283,Rose Quartz
2284,Rose Quartz
2285,Light Taupe
2286,Old Rose
2287,Old Rose
2288,Copper Rose
2289,Café Noir
2290,Pakistan Green
2291,Pakistan Green
2292,Pakistan Green
2293,Pakistan Green
2294,Pakistan Green
2295,Pakistan Green
2296,Pakistan Green
2297,Pakistan Green
2298,Pakistan Green
2299,Pakistan Green
2300,Pakistan Green
2301,Pakistan Green
2302,Pakistan Green
2303,Pakistan Green
2304,Pakistan Green
2305,Pakistan Green
2306,Pakistan Green
2307,Pakistan Green
2308,Lincoln Green
2309,Lincoln Green
2310,Lincoln Green
2311,Pakistan Green
2312,Pakistan Green
2313,Pakistan Green
2314,Pakistan Green
2315,Pakistan Green
2316,Pakistan Green
2317,Pakistan Green
2318,Pakistan Green
2319,Pakistan Green
2320,Pakistan Green
2321,Pakistan Green
2322,Pakistan Green
2323,Pakistan Green
2324,Pakistan Green
2325,Pakistan Green
2326,Pakistan Green
2327,Pakistan Green
2328,Pakistan Green
2329,Pakistan Green
2330,Pakistan Green
2331,Pakistan Green
2332,Pakistan Green
2333,Green (Html/Css Green)
2334,Green (Html/Css Green)
2335,Green (Html/Css Green)
2336,Green (Html/Css Green)
2337,Green (Html/Css Green)
2338,Green (Html/Css Green)
2339,Green (Html/Css Green)
2340,Green (Html/Css Green)
2341,Green (Html/Css Green)
2342,Green (Html/Css Green)
2343,Green (Html/Css Green)
2344,Green (Html/Css Green)
2345,Green (Html/Css Green)
2346,Green (Html/Css Green)
2347,Green (Html/Css Green)
2348,Green (Html/Css Green)
2349,Green (Html/Css Green)
2350,Green (Html/Css Green)
2351,Green (Html/Css Green)
2352,Green (Html/Css Green)
2353,Green (Html/Css Green)
2354,Green (Html/Css Green)
2355,Green (Html/Css Green)
2356,Green (Html/Css Green)
2357,Green (Html/Css Green)
2358,Green (Html/Css Green)
2359,Green (Html/Css Green)
2360,Green (Html/Css Green)
2361,Green (Html/Css Green)
2362,Green (Html/Css Green)
2363,Green (Html/Css Green)
2364,Green (Html/Css Green)
2365,Green (Html/Css Green)
2366,Green (Html/Css Green)
2367,Green (Html/Css Green)
2368,Green (Html/Css Green)
2369,Green (Html/Css Green)
2370,Green (Html/Css Green)
2371,Green (Html/Css Green)
2372,Green (Html/Css Green)
2373,Green (Html/Css Green)
2374,Green (Html/Css Green)
2375,Green (Html/Css Green)
2376,Green (Html/Css Green)
2377,Pakistan Green
2378,Green (Html/Css Green)
2379,Green (Html/Css Green)
2380,Green (Html/Css Green)
2381,Green (Html/Css Green)
2382,Green (Html/Css Green)
2383,Green (Html/Css Green)
2384,Green (Html/Css Green)
2385,Green (Html/Css Green)
2386,Green (Html/Css Green)
2387,Green (Html/Css Green)
2388,Green (Html/Css Green)
2389,Green (Html/Css Green)
2390,Green (Html/Css Green)
2391,Green (Html/Css Green)
2392,Green (Html/Css Green)
2393,Green (Html/Css Green)
2394,Green (Html/Css Green)
2395,Green (Html/Css Green)
2396,Green (Html/Css Green)
2397,Green (Html/Css Green)
2398,Green (Html/Css Green)
2399,Green (Html/Css Green)
2400,Green (Html/Css Green)
2401,Green (Html/Css Green)
2402,Green (Html/Css Green)
2403,Green (Html/Css Green)
2404,Green (Html/Css Green)
2405,Green (Html/Css Green)
2406,Green (Html/Css Green)
2407,Green (Html/Css Green)
2408,Green (Html/Css Green)
2409,Green (Html/Css Green)
2410,Green (Html/Css Green)
2411,Green (Html/Css Green)
2412,Green (Html/Css Green)
2413,Green (Html/Css Green)
2414,Green (Html/Css Green)
2415,Green (Html/Css Green)
2416,Green (Html/Css Green)
2417,Green (Html/Css Green)
2418,Green (Html/Css Green)
2419,Green (Html/Css Green)
2420,Green (Html/Css Green)
2421,Green (Html/Css Green)
2422,Green (Html/Css Green)
2423,Green (Html/Css Green)
2424,Green (Html/Css Green)
2425,Green (Html/Css Green)
2426,La Salle Green
2427,Green (Html/Css Green)
2428,La Salle Green
2429,La Salle Green
2430,La Salle Green
2431,La Salle Green
2432,Green (Html/Css Green)
2433,La Salle Green
2434,La Salle Green
2435,Green (Html/Css Green)
2436,Green (Html/Css Green)
2437,Green (Html/Css Green)
2438,Green (Html/Css Green)
2439,La Salle Green
2440,La Salle Green
2441,La Salle Green
2442,La Salle Green
2443,La Salle Green
2444,Green (Html/Css Green)
2445,Green (Html/Css Green)
2446,Pakistan Green
2447,Medium Jungle Green
2448,Onyx
2449,Dark Chestnut
2450,Dark Chestnut
2451,Bistre
2452,Bistre
2453,Wenge
2454,Cinereous
2455,Grullo
2456,Grullo
2457,Rosy Brown
2458,Rosy Brown
2459,Rosy Brown
2460,Rosy Brown
2461,Grullo
2462,Rosy Brown
2463,Rosy Brown
2464,Rosy Brown
2465,Rosy Brown
2466,Rosy Brown
2467,Rosy Brown
2468,Rosy Brown
2469,Rosy Brown
2470,Rosy Brown
2471,Grullo
2472,Rosy Brown
2473,Cinereous
2474,Cinereous
2475,Beaver
2476,Copper Rose
2477,Rose Taupe
2478,Medium Taupe
2479,Rose Taupe
2480,Pastel Brown
2481,Wenge
2482,Deep Coffee
2483,Coffee
2484,Coffee
2485,Pastel Brown
2486,Dark Chestnut
2487,Dark Chestnut
2488,Pastel Brown
2489,Tuscan Red
2490,Medium Taupe
2491,Rose Ebony
2492,Wenge
2493,Wenge
2494,Licorice
2495,Licorice
2496,Licorice
2497,Licorice
2498,Licorice
2499,Licorice
2500,Black
2501,Licorice
2502,Black
2503,Licorice
2504,Black
2505,Black
2506,Black
2507,Black
2508,Black
2509,Black
2510,Black
2511,Black
2512,Black
2513,Black
2514,Black
2515,Black
2516,Black
2517,Black
2518,Black
2519,Black
2520,Black
2521,Black
2522,Black
2523,Black
2524,Black
2525,Black
2526,Black
2527,Black
2528,Black
2529,Black
2530,Black
2531,Black
2532,Black
2533,Black
2534,Black
2535,Licorice
2536,Licorice
2537,Licorice
2538,Black
2539,Licorice
2540,Licorice
2541,Black
2542,Licorice
2543,Licorice
2544,Black
2545,Licorice
2546,Licorice
2547,Licorice
2548,Black
2549,Black
2550,Black
2551,Licorice
2552,Black
2553,Black
2554,Black
2555,Black
2556,Black
2557,Black
2558,Black
2559,Black
2560,Black
2561,Black
2562,Black
2563,Black
2564,Black
2565,Black
2566,Black
2567,Black
2568,Black
2569,Black
2570,Black
2571,Black
2572,Black
2573,Black
2574,Black
2575,Black
2576,Black
2577,Black
2578,Black
2579,Black
2580,Black
2581,Black
2582,Black
2583,Black
2584,Black
2585,Black
2586,Black
2587,Licorice
2588,Black
2589,Black
2590,Black
2591,Black
2592,Black
2593,Black
2594,Black
2595,Black
2596,Black
2597,Black
2598,Black
2599,Black
2600,Black
2601,Black
2602,Black
2603,Black
2604,Black
2605,Black
2606,Black
2607,Black
2608,Black
2609,Black
2610,Black
2611,Black
2612,Black
2613,Black
2614,Black
2615,Black
2616,Black
2617,Black
2618,Black
2619,Black
2620,Black
2621,Black
2622,Black
2623,Black
2624,Black
2625,Black
2626,Black
2627,Black
2628,Black
2629,Black
2630,Black
2631,Black
2632,Black
2633,Black
2634,Black
2635,Black
2636,Black
2637,Black
2638,Black
2639,Black
2640,Black
2641,Black
2642,Black
2643,Black
2644,Black
2645,Black
2646,Black
2647,Black
2648,Black
2649,Black
2650,Black
2651,Black
2652,Black
2653,Black
2654,Black
2655,Black
2656,Black
2657,Black
2658,Black
2659,Black
2660,Black
2661,Black
2662,Black
2663,Black
2664,Black
2665,Black
2666,Black
2667,Black
2668,Black
2669,Black
2670,Black
2671,Black
2672,Black
2673,Black
2674,Black
2675,Black
2676,Black
2677,Black
2678,Black
2679,Black
2680,Black
2681,Black
2682,Black
2683,Black
2684,Black
2685,Black
2686,Black
2687,Black
2688,Black
2689,Black
2690,Black
2691,Black
2692,Black
2693,Black
2694,Black
2695,Black
2696,Black
2697,Black
2698,Black
2699,Black
2700,Black
2701,Black
2702,Black
2703,Black
2704,Black
2705,Black
2706,Black
2707,Black
2708,Black
2709,Black
2710,Black
2711,Black
2712,Black
2713,Black
2714,Black
2715,Black
2716,Black
2717,Black
2718,Black
2719,Black
2720,Black
2721,Black
2722,Black
2723,Black
2724,Black
2725,Black
2726,Black
2727,Black
2728,Black
2729,Black
2730,Black
2731,Black
2732,Black
2733,Black
2734,Black
2735,Black
2736,Black
2737,Black
2738,Black
2739,Black
2740,Black
2741,Black
2742,Black
2743,Black
2744,Black
2745,Black
2746,Black
2747,Black
2748,Black
2749,Black
2750,Black
2751,Black
2752,Black
2753,Black
2754,Black
2755,Black
2756,Black
2757,Black
2758,Black
2759,Black
2760,Black
2761,Black
2762,Black
2763,Licorice
2764,Black
2765,Black
2766,Black
2767,Black
2768,Black
2769,Black
2770,Black
2771,Black
2772,Black
2773,Black
2774,Black
2775,Black
2776,Black
2777,Black
2778,Black
2779,Black
2780,Black
2781,Black
2782,Black
2783,Black
2784,Black
2785,Black
2786,Black
2787,Black
2788,Black
2789,Black
2790,Black
2791,Black
2792,Black
2793,Black
2794,Black
2795,Licorice
2796,Licorice
2797,Black
2798,Licorice
2799,Licorice
2800,Licorice
2801,Licorice
2802,Licorice
2803,Licorice
2804,Licorice
2805,Licorice
2806,Licorice
2807,Licorice
2808,Licorice
2809,Licorice
2810,Licorice
2811,Licorice
2812,Licorice
2813,Licorice
2814,Licorice
2815,Licorice
2816,Licorice
2817,Licorice
2818,Black
2819,Licorice
2820,Licorice
2821,Licorice
2822,Bistre
2823,Taupe
2824,Purple Taupe
2825,Rose Ebony
2826,Medium Taupe
2827,Medium Taupe
2828,Medium Taupe
2829,Medium Taupe
2830,Tuscan Red
2831,Medium Taupe
2832,Tuscan Red
2833,Wenge
2834,Medium Taupe
2835,Medium Taupe
2836,Medium Taupe
2837,Medium Taupe
2838,Medium Taupe
2839,Medium Taupe
2840,Medium Taupe
2841,Medium Taupe
2842,Medium Taupe
2843,Medium Taupe
2844,Medium Taupe
2845,Wenge
2846,Tuscan Red
2847,Medium Taupe
2848,Wenge
2849,Wenge
2850,Tuscan Red
2851,Wenge
2852,Tuscan Red
2853,Wenge
2854,Wenge
2855,Wenge
2856,Wenge
2857,Wenge
2858,Wenge
2859,Wenge
2860,Wenge
2861,Wenge
2862,Medium Taupe
2863,Wenge
2864,Wenge
2865,Wenge
2866,Pastel Brown
2867,Dim Gray
2868,Pastel Brown
2869,Pastel Brown
2870,Pastel Brown
2871,Pastel Brown
2872,Pastel Brown
2873,Pastel Brown
2874,Pastel Brown
2875,Pastel Brown
2876,Wenge
2877,Pastel Brown
2878,Medium Taupe
2879,Pastel Brown
2880,Pastel Brown
2881,Pastel Brown
2882,Pastel Brown
2883,Pastel Brown
2884,Dark Chestnut
2885,Pastel Brown
2886,Pastel Brown
2887,Tuscan Red
2888,Medium Tuscan Red
2889,Deep Coffee
2890,Wenge
2891,Wenge
2892,Wenge
2893,Wenge
2894,Bazaar
2895,Beaver
2896,Old Rose
2897,Grullo
2898,Grullo
2899,Beaver
2900,Rose Taupe
2901,Dark Jungle Green
2902,Black Leather Jacket
2903,Bistre
2904,Dark Chestnut
2905,Old Rose
2906,Dark Byzantium
2907,Navy Blue
2908,Navy Blue
2909,Navy Blue
2910,Navy Blue
2911,Navy Blue
2912,Navy Blue
2913,Navy Blue
2914,Navy Blue
2915,Dark Blue
2916,Navy Blue
2917,Dark Blue
2918,Dark Blue
2919,Dark Blue
2920,Dark Blue
2921,Duke Blue
2922,Duke Blue
2923,Ultramarine
2924,Duke Blue
2925,Duke Blue
2926,Duke Blue
2927,Ultramarine
2928,Duke Blue
2929,Duke Blue
2930,Duke Blue
2931,Zaffre
2932,Duke Blue
2933,Zaffre
2934,Zaffre
2935,Zaffre
2936,Zaffre
2937,Persian Blue
2938,Zaffre
2939,Zaffre
2940,Zaffre
2941,Zaffre
2942,Zaffre
2943,Persian Blue
2944,Persian Blue
2945,Persian Blue
2946,Persian Blue
2947,Persian Blue
2948,Persian Blue
2949,Persian Blue
2950,Persian Blue
2951,Persian Blue
2952,Persian Blue
2953,Zaffre
2954,Zaffre
2955,Zaffre
2956,Zaffre
2957,Zaffre
2958,Zaffre
2959,Zaffre
2960,Duke Blue
2961,Duke Blue
2962,Ultramarine
2963,Duke Blue
2964,Duke Blue
2965,Duke Blue
2966,Duke Blue
2967,Duke Blue
2968,Duke Blue
2969,Duke Blue
2970,Duke Blue
2971,Duke Blue
2972,Duke Blue
2973,Duke Blue
2974,Duke Blue
2975,Duke Blue
2976,Duke Blue
2977,Duke Blue
2978,Duke Blue
2979,Duke Blue
2980,Duke Blue
2981,Zaffre
2982,Duke Blue
2983,Zaffre
2984,Duke Blue
2985,Zaffre
2986,Zaffre
2987,Zaffre
2988,Zaffre
2989,Zaffre
2990,Zaffre
2991,Zaffre
2992,Zaffre
2993,Zaffre
2994,Persian Blue
2995,Cerulean Blue
2996,Han Blue
2997,Medium Slate Blue
2998,Medium Slate Blue
2999,Han Blue
3000,Iris
3001,Iris
3002,Iris
3003,Iris
3004,Han Blue
3005,Medium Slate Blue
3006,Medium Slate Blue
3007,Medium Slate Blue
3008,Majorelle Blue
3009,Cerulean Blue
3010,Persian Blue
3011,Zaffre
3012,Zaffre
3013,Zaffre
3014,Zaffre
3015,Zaffre
3016,Zaffre
3017,Zaffre
3018,Zaffre
3019,Zaffre
3020,Zaffre
3021,Zaffre
3022,Zaffre
3023,Zaffre
3024,Zaffre
3025,Zaffre
3026,Zaffre
3027,Zaffre
3028,Zaffre
3029,Zaffre
3030,Zaffre
3031,Zaffre
3032,Zaffre
3033,Zaffre
3034,Zaffre
3035,Zaffre
3036,Zaffre
3037,Zaffre
3038,Zaffre
3039,Zaffre
3040,Zaffre
3041,Duke Blue
3042,Duke Blue
3043,Duke Blue
3044,Zaffre
3045,Zaffre
3046,Zaffre
3047,Zaffre
3048,Duke Blue
3049,Medium Blue
3050,Zaffre
3051,Duke Blue
3052,Duke Blue
3053,Duke Blue
3054,Zaffre
3055,Zaffre
3056,Duke Blue
3057,Zaffre
3058,Zaffre
3059,Zaffre
3060,Zaffre
3061,Zaffre
3062,Zaffre
3063,Zaffre
3064,Zaffre
3065,Zaffre
3066,Zaffre
3067,Zaffre
3068,Zaffre
3069,Zaffre
3070,Zaffre
3071,Zaffre
3072,Zaffre
3073,Midnight Blue
3074,Midnight Blue
3075,Dark Jungle Green
3076,Dark Jungle Green
3077,Dark Byzantium
3078,Old Rose
3079,Old Rose
3080,Rosy Brown
3081,Old Rose
3082,Old Rose
3083,Light Taupe
3084,Light Taupe
3085,Copper Penny
3086,Copper Penny
3087,Copper Penny
3088,Copper Penny
3089,Beaver
3090,Beaver
3091,Seal Brown
3092,Licorice
3093,Licorice
3094,Licorice
3095,Licorice
3096,Black
3097,Licorice
3098,Licorice
3099,Black
3100,Black
3101,Black
3102,Licorice
3103,Black
3104,Black
3105,Black
3106,Black
3107,Black
3108,Black
3109,Black
3110,Black
3111,Black
3112,Black
3113,Black
3114,Black
3115,Black
3116,Black
3117,Black
3118,Black
3119,Black
3120,Black
3121,Black
3122,Black
3123,Black
3124,Black
3125,Black
3126,Black
3127,Black
3128,Licorice
3129,Licorice
3130,Licorice
3131,Licorice
3132,Licorice
3133,Black
3134,Black
3135,Black
3136,Black
3137,Licorice
3138,Licorice
3139,Licorice
3140,Licorice
3141,Licorice
3142,Bistre
3143,Pastel Brown
3144,Copper Rose
3145,Dark Chestnut
3146,Beaver
3147,Rosy Brown
3148,Old Rose
3149,Old Rose
3150,Rosy Brown
3151,Rosy Brown
3152,Rosy Brown
3153,Pastel Pink
3154,Rosy Brown
3155,Rosy Brown
3156,Rosy Brown
3157,Old Rose
3158,Old Rose
3159,Light Taupe
3160,Rosy Brown
3161,Rosy Brown
3162,Grullo
3163,Grullo
3164,Rosy Brown
3165,Rosy Brown
3166,Rosy Brown
3167,Rosy Brown
3168,Rosy Brown
3169,Rosy Brown
3170,Rosy Brown
3171,Rosy Brown
3172,Rosy Brown
3173,Rosy Brown
3174,Rosy Brown
3175,Rosy Brown
3176,Rosy Brown
3177,Rosy Brown
3178,Rosy Brown
3179,Rosy Brown
3180,Rosy Brown
3181,Rosy Brown
3182,Rosy Brown
3183,Rosy Brown
3184,Rosy Brown
3185,Rosy Brown
3186,Rosy Brown
3187,Pastel Pink
3188,Khaki (Html/Css) (Khaki)
3189,Rosy Brown
3190,Rosy Brown
3191,Rosy Brown
3192,Rosy Brown
3193,Copper Rose
3194,Rose Ebony
3195,Taupe
3196,Wine Dregs
3197,Medium Tuscan Red
3198,Medium Tuscan Red
3199,Tuscan Red
3200,Pastel Brown
3201,Pastel Brown
3202,Rose Taupe
3203,Dark Chestnut
3204,Dark Chestnut
3205,Dark Chestnut
3206,Dark Chestnut
3207,Dark Chestnut
3208,Dark Chestnut
3209,Pastel Brown
3210,Rose Taupe
3211,Pastel Brown
3212,Pastel Brown
3213,Pastel Brown
3214,Pastel Brown
3215,Pastel Brown
3216,Tuscan Red
3217,Tuscan Red
3218,Tuscan Red
3219,Tuscan Red
3220,Pastel Brown
3221,Rose Taupe
3222,Pastel Brown
3223,Pastel Brown
3224,Pastel Brown
3225,Rose Taupe
3226,Pastel Brown
3227,Pastel Brown
3228,Rose Taupe
3229,Pastel Brown
3230,Pastel Brown
3231,Rose Taupe
3232,Pastel Brown
3233,Rose Taupe
3234,Rose Taupe
3235,Pastel Brown
3236,Pastel Brown
3237,Pastel Brown
3238,Rose Taupe
3239,Dark Chestnut
3240,Rose Taupe
3241,Dark Chestnut
3242,Rose Taupe
3243,Dark Chestnut
3244,Rose Taupe
3245,Rose Taupe
3246,Pastel Brown
3247,Pastel Brown
3248,Dark Chestnut
3249,Pastel Brown
3250,Dark Chestnut
3251,Rose Taupe
3252,Dark Chestnut
3253,Rose Taupe
3254,Pastel Brown
3255,Dark Chestnut
3256,Dark Chestnut
3257,Dark Chestnut
3258,Dark Chestnut
3259,Dark Chestnut
3260,Dark Chestnut
3261,Dark Chestnut
3262,Dark Chestnut
3263,Dark Chestnut
3264,Rose Taupe
3265,Dark Chestnut
3266,Dark Chestnut
3267,Dark Chestnut
3268,Dark Chestnut
3269,Dark Chestnut
3270,Dark Chestnut
3271,Dark Chestnut
3272,Dark Chestnut
3273,Dark Chestnut
3274,Dark Chestnut
3275,Dark Chestnut
3276,Dark Chestnut
3277,Dark Chestnut
3278,Rose Taupe
3279,Dark Chestnut
3280,Rose Taupe
3281,Dark Chestnut
3282,Dark Chestnut
3283,Rose Taupe
3284,Rose Taupe
3285,Dark Chestnut
3286,Pastel Brown
3287,Dark Chestnut
3288,Dark Chestnut
3289,Dark Chestnut
3290,Dark Chestnut
3291,Dark Chestnut
3292,Dark Chestnut
3293,Dark Chestnut
3294,Dark Chestnut
3295,Dark Chestnut
3296,Dark Chestnut
3297,Dark Chestnut
3298,Dark Chestnut
3299,Dark Chestnut
3300,Dark Chestnut
3301,Dark Chestnut
3302,Dark Chestnut
3303,Dark Chestnut
3304,Dark Chestnut
3305,Dark Chestnut
3306,Dark Chestnut
3307,Dark Chestnut
3308,Dark Chestnut
3309,Dark Chestnut
3310,Dark Chestnut
3311,Dark Chestnut
3312,Dark Chestnut
3313,Dark Chestnut
3314,Dark Chestnut
3315,Dark Chestnut
3316,Dark Chestnut
3317,Dark Chestnut
3318,Dark Chestnut
3319,Dark Chestnut
3320,Dark Chestnut
3321,Dark Chestnut
3322,Dark Chestnut
3323,Dark Chestnut
3324,Dark Chestnut
3325,Dark Chestnut
3326,Dark Chestnut
3327,Dark Chestnut
3328,Dark Chestnut
3329,Dark Chestnut
3330,Dark Chestnut
3331,Dark Chestnut
3332,Dark Chestnut
3333,Dark Chestnut
3334,Dark Chestnut
3335,Dark Chestnut
3336,Dark Chestnut
3337,Dark Chestnut
3338,Dark Chestnut
3339,Dark Chestnut
3340,Dark Chestnut
3341,Dark Chestnut
3342,Dark Chestnut
3343,Dark Chestnut
3344,Dark Chestnut
3345,Dark Chestnut
3346,Copper Rose
3347,Dark Chestnut
3348,Pastel Brown
3349,Dark Chestnut
3350,Dark Chestnut
3351,Dark Chestnut
3352,Dark Chestnut
3353,Dark Chestnut
3354,Dark Chestnut
3355,Dark Chestnut
3356,Dark Chestnut
3357,Dark Chestnut
3358,Dark Chestnut
3359,Dark Chestnut
3360,Dark Chestnut
3361,Dark Chestnut
3362,Dark Chestnut
3363,Dark Chestnut
3364,Dark Chestnut
3365,Dark Chestnut
3366,Dark Chestnut
3367,Rose Taupe
3368,Rose Taupe
3369,Pastel Brown
3370,Dark Chestnut
3371,Dark Chestnut
3372,Beaver
3373,Pastel Brown
3374,Dark Chestnut
3375,Copper Rose
3376,Bazaar
3377,Bazaar
3378,Beaver
3379,Rosy Brown
3380,Rosy Brown
3381,Khaki (Html/Css) (Khaki)
3382,Blast-Off Bronze
3383,Tuscan Red
3384,Onyx
3385,Midnight Blue
3386,Electric Ultramarine
3387,Electric Ultramarine
3388,Electric Ultramarine
3389,Electric Ultramarine
3390,Ultramarine Blue
3391,Ultramarine Blue
3392,Medium Slate Blue
3393,Medium Slate Blue
3394,Medium Slate Blue
3395,Medium Slate Blue
3396,Ultramarine Blue
3397,Ultramarine Blue
3398,Ultramarine Blue
3399,Medium Slate Blue
3400,Ultramarine Blue
3401,Palatinate Blue
3402,Electric Ultramarine
3403,Electric Ultramarine
3404,Electric Ultramarine
3405,Electric Ultramarine
3406,Electric Ultramarine
3407,Electric Ultramarine
3408,Electric Ultramarine
3409,Electric Ultramarine
3410,Electric Ultramarine
3411,Electric Ultramarine
3412,Electric Ultramarine
3413,Electric Ultramarine
3414,Electric Ultramarine
3415,Electric Ultramarine
3416,Electric Ultramarine
3417,Electric Ultramarine
3418,Electric Ultramarine
3419,Electric Ultramarine
3420,Electric Ultramarine
3421,Electric Ultramarine
3422,Electric Ultramarine
3423,Electric Ultramarine
3424,Electric Ultramarine
3425,Electric Ultramarine
3426,Electric Ultramarine
3427,Electric Ultramarine
3428,Electric Ultramarine
3429,Electric Ultramarine
3430,Electric Ultramarine
3431,Electric Ultramarine
3432,Electric Ultramarine
3433,Electric Ultramarine
3434,Electric Ultramarine
3435,Electric Ultramarine
3436,Electric Ultramarine
3437,Electric Ultramarine
3438,Electric Ultramarine
3439,Electric Ultramarine
3440,Electric Ultramarine
3441,Electric Ultramarine
3442,Electric Ultramarine
3443,Electric Ultramarine
3444,Electric Ultramarine
3445,Electric Ultramarine
3446,Electric Ultramarine
3447,Electric Ultramarine
3448,Electric Ultramarine
3449,Electric Ultramarine
3450,Palatinate Blue
3451,Electric Ultramarine
3452,Electric Ultramarine
3453,Palatinate Blue
3454,Electric Ultramarine
3455,Electric Ultramarine
3456,Electric Ultramarine
3457,Electric Ultramarine
3458,Electric Ultramarine
3459,Electric Ultramarine
3460,Electric Ultramarine
3461,Electric Ultramarine
3462,Electric Ultramarine
3463,Electric Ultramarine
3464,Electric Ultramarine
3465,Electric Ultramarine
3466,Electric Ultramarine
3467,Electric Ultramarine
3468,Electric Ultramarine
3469,Electric Ultramarine
3470,Electric Ultramarine
3471,Electric Ultramarine
3472,Electric Ultramarine
3473,Electric Ultramarine
3474,Electric Ultramarine
3475,Electric Ultramarine
3476,Electric Ultramarine
3477,Electric Ultramarine
3478,Electric Ultramarine
3479,Electric Ultramarine
3480,Electric Ultramarine
3481,Electric Ultramarine
3482,Electric Ultramarine
3483,Electric Ultramarine
3484,Electric Ultramarine
3485,Electric Ultramarine
3486,Electric Ultramarine
3487,Electric Ultramarine
3488,Electric Ultramarine
3489,Electric Ultramarine
3490,Electric Ultramarine
3491,Electric Ultramarine
3492,Majorelle Blue
3493,Medium Slate Blue
3494,Medium Slate Blue
3495,Medium Slate Blue
3496,Medium Slate Blue
3497,Light Pastel Purple
3498,Baby Blue Eyes
3499,Pale Lavender
3500,Lavender (Web)
3501,Cornflower Blue
3502,Medium Slate Blue
3503,Medium Slate Blue
3504,Medium Slate Blue
3505,Medium Slate Blue
3506,Medium Slate Blue
3507,Ultramarine Blue
3508,Ultramarine Blue
3509,Ultramarine Blue
3510,Ultramarine Blue
3511,Ultramarine Blue
3512,Ultramarine Blue
3513,Ultramarine Blue
3514,Ultramarine Blue
3515,Palatinate Blue
3516,Palatinate Blue
3517,Electric Ultramarine
3518,Electric Ultramarine
3519,Electric Ultramarine
3520,Electric Ultramarine
3521,Electric Ultramarine
3522,Electric Ultramarine
3523,Electric Ultramarine
3524,Electric Ultramarine
3525,Electric Ultramarine
3526,Electric Ultramarine
3527,Electric Ultramarine
3528,Electric Ultramarine
3529,Electric Ultramarine
3530,Electric Ultramarine
3531,Electric Ultramarine
3532,Electric Ultramarine
3533,Electric Ultramarine
3534,Electric Ultramarine
3535,Electric Ultramarine
3536,Electric Ultramarine
3537,Medium Slate Blue
3538,Medium Slate Blue
3539,Ultramarine Blue
3540,Palatinate Blue
3541,Electric Ultramarine
3542,Electric Ultramarine
3543,Electric Ultramarine
3544,Midnight Blue
3545,Tuscan Red
3546,Beaver
3547,Raw Umber
3548,Bistre
3549,Arsenic
3550,Outer Space
3551,Dark Jungle Green
3552,Dark Jungle Green
3553,Dark Jungle Green
3554,Onyx
3555,Onyx
3556,Onyx
3557,Onyx
3558,Copper Rose
3559,Beaver
3560,Light Taupe
3561,Old Rose
3562,Rosy Brown
3563,Old Rose
3564,Old Rose
3565,Light Taupe
3566,Old Rose
3567,Old Rose
3568,Rosy Brown
3569,Old Rose
3570,Light Taupe
3571,Rosy Brown
3572,Old Rose
3573,Light Taupe
3574,Old Rose
3575,Old Rose
3576,Old Rose
3577,Old Rose
3578,Old Rose
3579,Old Rose
3580,Light Taupe
3581,Old Rose
3582,Light Taupe
3583,Old Rose
3584,Light Taupe
3585,Old Rose
3586,Light Taupe
3587,Light Taupe
3588,Beaver
3589,Light Taupe
3590,Beaver
3591,Light Taupe
3592,Light Taupe
3593,Light Taupe
3594,Grullo
3595,Old Rose
3596,Rosy Brown
3597,Grullo
3598,Rosy Brown
3599,Rosy Brown
3600,Rosy Brown
3601,Rosy Brown
3602,Rosy Brown
3603,Rosy Brown
3604,Rosy Brown
3605,Rosy Brown
3606,Rosy Brown
3607,Rosy Brown
3608,Rosy Brown
3609,Rosy Brown
3610,Rosy Brown
3611,Old Rose
3612,Rosy Brown
3613,Rosy Brown
3614,Cinereous
3615,Old Rose
3616,Grullo
3617,Mountbatten Pink
3618,Old Rose
3619,Cinereous
3620,Cinereous
3621,Cinereous
3622,Mountbatten Pink
3623,Rosy Brown
3624,Rosy Brown
3625,Rosy Brown
3626,Rosy Brown
3627,Old Rose
3628,Mountbatten Pink
3629,Rosy Brown
3630,Cinereous
3631,Cinereous
3632,Mountbatten Pink
3633,Turkish Rose
3634,Old Rose
3635,Old Rose
3636,Old Rose
3637,Old Rose
3638,Old Rose
3639,Old Rose
3640,Old Rose
3641,Old Rose
3642,Old Rose
3643,Old Rose
3644,Old Rose
3645,Old Rose
3646,Old Rose
3647,Old Rose
3648,Old Rose
3649,Old Rose
3650,Old Rose
3651,Old Rose
3652,Old Rose
3653,Old Rose
3654,Old Rose
3655,Old Rose
3656,Old Rose
3657,Old Rose
3658,Old Rose
3659,Old Rose
3660,Rosy Brown
3661,Rosy Brown
3662,Old Rose
3663,Old Rose
3664,Old Rose
3665,Old Rose
3666,Old Rose
3667,Old Rose
3668,Old Rose
3669,Old Rose
3670,Old Rose
3671,Old Rose
3672,Old Rose
3673,Old Rose
3674,Old Rose
3675,Old Rose
3676,Old Rose
3677,Old Rose
3678,Old Rose
3679,Old Rose
3680,Old Rose
3681,Old Rose
3682,Old Rose
3683,Old Rose
3684,Old Rose
3685,Old Rose
3686,Old Rose
3687,Old Rose
3688,Old Rose
3689,Old Rose
3690,Old Rose
3691,Old Rose
3692,Rosy Brown
3693,Old Rose
3694,Light Taupe
3695,Light Taupe
3696,Light Taupe
3697,Old Rose
3698,Old Rose
3699,Old Rose
3700,Old Rose
3701,Old Rose
3702,Old Rose
3703,Old Rose
3704,Old Rose
3705,Light Taupe
3706,Old Rose
3707,Old Rose
3708,Old Rose
3709,Old Rose
3710,Old Rose
3711,Old Rose
3712,Old Rose
3713,Old Rose
3714,Old Rose
3715,Old Rose
3716,Old Rose
3717,Old Rose
3718,Old Rose
3719,Old Rose
3720,Rosy Brown
3721,Light Taupe
3722,Old Rose
3723,Rosy Brown
3724,Old Rose
3725,Old Rose
3726,Old Rose
3727,Old Rose
3728,Old Rose
3729,Old Rose
3730,Old Rose
3731,Rosy Brown
3732,Old Rose
3733,Old Rose
3734,Old Rose
3735,Old Rose
3736,Rosy Brown
3737,Old Rose
3738,Old Rose
3739,Beaver
3740,Onyx
3741,Onyx
3742,Cadet
3743,Manatee
3744,Cadet
3745,Pastel Brown
3746,Dark Chestnut
3747,Wine Dregs
3748,Blast-Off Bronze
3749,Tuscan Red
3750,Dark Jungle Green
3751,Ultramarine
3752,Electric Ultramarine
3753,Electric Ultramarine
3754,Electric Ultramarine
3755,Electric Ultramarine
3756,Electric Ultramarine
3757,Electric Ultramarine
3758,Electric Ultramarine
3759,Electric Ultramarine
3760,Electric Ultramarine
3761,Electric Ultramarine
3762,Electric Ultramarine
3763,Electric Ultramarine
3764,Electric Ultramarine
3765,Electric Ultramarine
3766,Electric Ultramarine
3767,Palatinate Blue
3768,Ultramarine Blue
3769,Medium Slate Blue
3770,Ultramarine Blue
3771,Ultramarine Blue
3772,Ultramarine Blue
3773,Ultramarine Blue
3774,Medium Slate Blue
3775,Medium Slate Blue
3776,Ultramarine Blue
3777,Palatinate Blue
3778,Electric Ultramarine
3779,Electric Ultramarine
3780,Electric Ultramarine
3781,Electric Ultramarine
3782,Electric Ultramarine
3783,Electric Ultramarine
3784,Electric Ultramarine
3785,Electric Ultramarine
3786,Electric Ultramarine
3787,Blue
3788,Blue
3789,Electric Ultramarine
3790,Electric Ultramarine
3791,Electric Ultramarine
3792,Electric Ultramarine
3793,Electric Ultramarine
3794,Electric Ultramarine
3795,Electric Ultramarine
3796,Electric Ultramarine
3797,Electric Ultramarine
3798,Electric Ultramarine
3799,Electric Ultramarine
3800,Electric Ultramarine
3801,Electric Ultramarine
3802,Electric Ultramarine
3803,Electric Ultramarine
3804,Electric Ultramarine
3805,Electric Ultramarine
3806,Electric Ultramarine
3807,Electric Ultramarine
3808,Electric Ultramarine
3809,Electric Ultramarine
3810,Electric Ultramarine
3811,Electric Ultramarine
3812,Electric Ultramarine
3813,Electric Ultramarine
3814,Electric Ultramarine
3815,Electric Ultramarine
3816,Electric Ultramarine
3817,Electric Ultramarine
3818,Electric Ultramarine
3819,Electric Ultramarine
3820,Electric Ultramarine
3821,Electric Ultramarine
3822,Electric Ultramarine
3823,Electric Ultramarine
3824,Electric Ultramarine
3825,Electric Ultramarine
3826,Electric Ultramarine
3827,Electric Ultramarine
3828,Electric Ultramarine
3829,Electric Ultramarine
3830,Electric Ultramarine
3831,Electric Ultramarine
3832,Electric Ultramarine
3833,Electric Ultramarine
3834,Electric Ultramarine
3835,Electric Ultramarine
3836,Electric Ultramarine
3837,Electric Ultramarine
3838,Electric Ultramarine
3839,Electric Ultramarine
3840,Electric Ultramarine
3841,Electric Ultramarine
3842,Electric Ultramarine
3843,Electric Ultramarine
3844,Electric Ultramarine
3845,Electric Ultramarine
3846,Electric Ultramarine
3847,Electric Ultramarine
3848,Electric Ultramarine
3849,Electric Ultramarine
3850,Electric Ultramarine
3851,Electric Ultramarine
3852,Electric Ultramarine
3853,Palatinate Blue
3854,Palatinate Blue
3855,Palatinate Blue
3856,Palatinate Blue
3857,Palatinate Blue
3858,Palatinate Blue
3859,Palatinate Blue
3860,Palatinate Blue
3861,Palatinate Blue
3862,Palatinate Blue
3863,Palatinate Blue
3864,Palatinate Blue
3865,Palatinate Blue
3866,Palatinate Blue
3867,Palatinate Blue
3868,Palatinate Blue
3869,Palatinate Blue
3870,Palatinate Blue
3871,Palatinate Blue
3872,Palatinate Blue
3873,Palatinate Blue
3874,Palatinate Blue
3875,Palatinate Blue
3876,Palatinate Blue
3877,Palatinate Blue
3878,Palatinate Blue
3879,Palatinate Blue
3880,Palatinate Blue
3881,Palatinate Blue
3882,Ultramarine Blue
3883,Ultramarine Blue
3884,Ultramarine Blue
3885,Palatinate Blue
3886,Ultramarine Blue
3887,Ultramarine Blue
3888,Palatinate Blue
3889,Ultramarine Blue
3890,Ultramarine Blue
3891,Ultramarine Blue
3892,Palatinate Blue
3893,Palatinate Blue
3894,Palatinate Blue
3895,Palatinate Blue
3896,Palatinate Blue
3897,Palatinate Blue
3898,Palatinate Blue
3899,Palatinate Blue
3900,Palatinate Blue
3901,Palatinate Blue
3902,Palatinate Blue
3903,Palatinate Blue
3904,Palatinate Blue
3905,Palatinate Blue
3906,Palatinate Blue
3907,Palatinate Blue
3908,Palatinate Blue
3909,Palatinate Blue
3910,Palatinate Blue
3911,Palatinate Blue
3912,Palatinate Blue
3913,Palatinate Blue
3914,Palatinate Blue
3915,Palatinate Blue
3916,Palatinate Blue
3917,Palatinate Blue
3918,Palatinate Blue
3919,Palatinate Blue
3920,Palatinate Blue
3921,Palatinate Blue
3922,Palatinate Blue
3923,Palatinate Blue
3924,Palatinate Blue
3925,Palatinate Blue
3926,Palatinate Blue
3927,Palatinate Blue
3928,Palatinate Blue
3929,Palatinate Blue
3930,Palatinate Blue
3931,Palatinate Blue
3932,Palatinate Blue
3933,Palatinate Blue
3934,Palatinate Blue
3935,Electric Ultramarine
3936,Electric Ultramarine
3937,Electric Ultramarine
3938,Electric Ultramarine
3939,Electric Ultramarine
3940,Palatinate Blue
3941,Wine Dregs
3942,Dark Chestnut
3943,Onyx
3944,Black Leather Jacket
3945,Dark Jungle Green
3946,Dark Jungle Green
3947,Dark Jungle Green
3948,Dark Jungle Green
3949,Dark Jungle Green
3950,Dark Jungle Green
3951,Onyx
3952,Onyx
3953,Medium Jungle Green
3954,Onyx
3955,Onyx
3956,Onyx
3957,Bazaar
3958,Beaver
3959,Cinereous
3960,Rosy Brown
3961,Grullo
3962,Old Rose
3963,Old Rose
3964,Rosy Brown
3965,Rosy Brown
3966,Grullo
3967,Rosy Brown
3968,Rosy Brown
3969,Rosy Brown
3970,Rosy Brown
3971,Rosy Brown
3972,Rosy Brown
3973,Rosy Brown
3974,Rosy Brown
3975,Rosy Brown
3976,Rosy Brown
3977,Rosy Brown
3978,Rosy Brown
3979,Rosy Brown
3980,Rosy Brown
3981,Rosy Brown
3982,Rosy Brown
3983,Rosy Brown
3984,Rosy Brown
3985,Rosy Brown
3986,Rosy Brown
3987,Rosy Brown
3988,Rosy Brown
3989,Rosy Brown
3990,Rosy Brown
3991,Rosy Brown
3992,Rosy Brown
3993,Old Rose
3994,Copper Penny
3995,Copper Rose
3996,Deep Tuscan Red
3997,Onyx
3998,Persian Indigo
3999,Electric Ultramarine
4000,Palatinate Blue
4001,Ultramarine Blue
4002,Medium Slate Blue
4003,Medium Slate Blue
4004,Medium Slate Blue
4005,Medium Slate Blue
4006,Ultramarine Blue
4007,Ultramarine Blue
4008,Palatinate Blue
4009,Palatinate Blue
4010,Palatinate Blue
4011,Palatinate Blue
4012,Palatinate Blue
4013,Palatinate Blue
4014,Palatinate Blue
4015,Palatinate Blue
4016,Palatinate Blue
4017,Electric Ultramarine
4018,Electric Ultramarine
4019,Electric Ultramarine
4020,Electric Ultramarine
4021,Electric Ultramarine
4022,Electric Ultramarine
4023,Electric Ultramarine
4024,Electric Ultramarine
4025,Electric Ultramarine
4026,Electric Ultramarine
4027,Electric Ultramarine
4028,Electric Ultramarine
4029,Electric Ultramarine
4030,Electric Ultramarine
4031,Electric Ultramarine
4032,Electric Ultramarine
4033,Electric Ultramarine
4034,Electric Ultramarine
4035,Electric Ultramarine
4036,Electric Ultramarine
4037,Electric Ultramarine
4038,Electric Ultramarine
4039,Electric Ultramarine
4040,Electric Ultramarine
4041,Electric Ultramarine
4042,Electric Ultramarine
4043,Medium Blue
4044,Medium Blue
4045,Medium Blue
4046,Duke Blue
4047,Duke Blue
4048,Duke Blue
4049,Duke Blue
4050,Navy Blue
4051,Oxford Blue
4052,Rosy Brown
4053,Bazaar
4054,Black
4055,Oxford Blue
4056,Navy Blue
4057,Duke Blue
4058,Medium Blue
4059,Medium Blue
4060,Electric Ultramarine
4061,Electric Ultramarine
4062,Electric Ultramarine
4063,Electric Ultramarine
4064,Electric Ultramarine
4065,Electric Ultramarine
4066,Electric Ultramarine
4067,Electric Ultramarine
4068,Electric Ultramarine
4069,Electric Ultramarine
4070,Electric Ultramarine
4071,Electric Ultramarine
4072,Medium Blue
4073,Duke Blue
4074,Persian Indigo
4075,Bistre
4076,Licorice
4077,Licorice
4078,Seal Brown
4079,Bistre
4080,Bistre
4081,Seal Brown
4082,Dark Jungle Green
4083,Dark Jungle Green
4084,Dark Jungle Green
4085,Dark Jungle Green
4086,Dark Jungle Green
4087,Dark Jungle Green
4088,Black Leather Jacket
4089,Licorice
4090,Ultramarine
4091,Ultramarine
4092,Ultramarine
4093,Zaffre
4094,Medium Blue
4095,Medium Blue
4096,Medium Blue
4097,Medium Blue
4098,Medium Blue
4099,Ultramarine
4100,Duke Blue
4101,Ultramarine
4102,Purple Heart
4103,Plum (Traditional)
4104,Plum (Traditional)
4105,Plum (Traditional)
4106,Plum (Traditional)
4107,Rose Taupe
4108,Mauve Taupe
4109,Plum (Traditional)
4110,Plum (Traditional)
4111,Plum (Traditional)
4112,Purple Heart
4113,Purple Heart
4114,Indigo (Web)
4115,Ultramarine
4116,Ultramarine
4117,Ultramarine
4118,Ultramarine
4119,Ultramarine
4120,Medium Blue
4121,Zaffre
4122,Medium Blue
4123,Medium Blue
4124,Medium Blue
4125,Zaffre
4126,Ultramarine
4127,Ultramarine
4128,Ultramarine
4129,Medium Blue
4130,Medium Blue
4131,Medium Blue
4132,Medium Blue
4133,Medium Blue
4134,Medium Blue
4135,Medium Blue
4136,Medium Blue
4137,Medium Blue
4138,Medium Blue
4139,Medium Blue
4140,Medium Blue
4141,Medium Blue
4142,Medium Blue
4143,Medium Blue
4144,Medium Blue
4145,Medium Blue
4146,Medium Blue
4147,Medium Blue
4148,Medium Blue
4149,Medium Blue
4150,Medium Blue
4151,Medium Blue
4152,Medium Blue
4153,Medium Blue
4154,Medium Blue
4155,Medium Blue
4156,Medium Blue
4157,Medium Blue
4158,Medium Blue
4159,Medium Blue
4160,Medium Blue
4161,Medium Blue
4162,Medium Blue
4163,Medium Blue
4164,Medium Blue
4165,Medium Blue
4166,Medium Blue
4167,Medium Blue
4168,Medium Blue
4169,Medium Blue
4170,Medium Blue
4171,Medium Blue
4172,Medium Blue
4173,Medium Blue
4174,Medium Blue
4175,Medium Blue
4176,Medium Blue
4177,Medium Blue
4178,Medium Blue
4179,Medium Blue
4180,Medium Blue
4181,Medium Blue
4182,Medium Blue
4183,Medium Blue
4184,Medium Blue
4185,Medium Blue
4186,Medium Blue
4187,Medium Blue
4188,Medium Blue
4189,Medium Blue
4190,Medium Blue
4191,Medium Blue
4192,Medium Blue
4193,Medium Blue
4194,Medium Blue
4195,Medium Blue
4196,Medium Blue
4197,Medium Blue
4198,Medium Blue
4199,Medium Blue
4200,Medium Blue
4201,Medium Blue
4202,Medium Blue
4203,Medium Blue
4204,Medium Blue
4205,Medium Blue
4206,Medium Blue
4207,Medium Blue
4208,Medium Blue
4209,Medium Blue
4210,Medium Blue
4211,Medium Blue
4212,Medium Blue
4213,Medium Blue
4214,Medium Blue
4215,Medium Blue
4216,Medium Blue
4217,Medium Blue
4218,Medium Blue
4219,Medium Blue
4220,Medium Blue
4221,Medium Blue
4222,Medium Blue
4223,Medium Blue
4224,Medium Blue
4225,Medium Blue
4226,Medium Blue
4227,Medium Blue
4228,Medium Blue
4229,Medium Blue
4230,Medium Blue
4231,Medium Blue
4232,Medium Blue
4233,Medium Blue
4234,Medium Blue
4235,Medium Blue
4236,Medium Blue
4237,Medium Blue
4238,Medium Blue
4239,Medium Blue
4240,Medium Blue
4241,Medium Blue
4242,Medium Blue
4243,Medium Blue
4244,Medium Blue
4245,Medium Blue
4246,Medium Blue
4247,Medium Blue
4248,Medium Blue
4249,Medium Blue
4250,Medium Blue
4251,Medium Blue
4252,Medium Blue
4253,Medium Blue
4254,Medium Blue
4255,Medium Blue
4256,Medium Blue
4257,Medium Blue
4258,Medium Blue
4259,Medium Blue
4260,Medium Blue
4261,Medium Blue
4262,Medium Blue
4263,Medium Blue
4264,Medium Blue
4265,Medium Blue
4266,Medium Blue
4267,Medium Blue
4268,Medium Blue
4269,Medium Blue
4270,Medium Blue
4271,Medium Blue
4272,Medium Blue
4273,Medium Blue
4274,Medium Blue
4275,Medium Blue
4276,Medium Blue
4277,Medium Blue
4278,Medium Blue
4279,Medium Blue
4280,Medium Blue
4281,Medium Blue
4282,Medium Blue
4283,Medium Blue
4284,Medium Blue
4285,Medium Blue
4286,Medium Blue
4287,Medium Blue
4288,Medium Blue
4289,Medium Blue
4290,Medium Blue
4291,Medium Blue
4292,Medium Blue
4293,Medium Blue
4294,Medium Blue
4295,Medium Blue
4296,Medium Blue
4297,Medium Blue
4298,Medium Blue
4299,Medium Blue
4300,Medium Blue
4301,Medium Blue
4302,Electric Ultramarine
4303,Electric Ultramarine
4304,Electric Ultramarine
4305,Electric Ultramarine
4306,Electric Ultramarine
4307,Electric Ultramarine
4308,Electric Ultramarine
4309,Electric Ultramarine
4310,Electric Ultramarine
4311,Electric Ultramarine
4312,Electric Ultramarine
4313,Electric Ultramarine
4314,Electric Ultramarine
4315,Electric Ultramarine
4316,Electric Ultramarine
4317,Electric Ultramarine
4318,Electric Ultramarine
4319,Medium Blue
4320,Regalia
4321,Old Rose
4322,Pastel Pink
4323,Bazaar
4324,Licorice
4325,Duke Blue
4326,Electric Ultramarine
4327,Electric Ultramarine
4328,Electric Ultramarine
4329,Electric Ultramarine
4330,Electric Ultramarine
4331,Palatinate Blue
4332,Ultramarine Blue
4333,Ultramarine Blue
4334,Cornflower Blue
4335,Light Cyan
4336,Lavender Blue
4337,Ultramarine Blue
4338,Electric Ultramarine
4339,Electric Ultramarine
4340,Regalia
4341,Rose Ebony
4342,Deep Tuscan Red
4343,Beaver
4344,Beaver
4345,Beaver
4346,Beaver
4347,Old Rose
4348,Rosy Brown
4349,Rosy Brown
4350,Rosy Brown
4351,Rosy Brown
4352,Rosy Brown
4353,Rosy Brown
4354,Rosy Brown
4355,Rosy Brown
4356,Rosy Brown
4357,Rosy Brown
4358,Rosy Brown
4359,Rosy Brown
4360,Rosy Brown
4361,Rosy Brown
4362,Grullo
4363,Rosy Brown
4364,Rosy Brown
4365,Rosy Brown
4366,Rosy Brown
4367,Old Rose
4368,Cinereous
4369,Purple Heart
4370,Dark Lavender
4371,Rosy Brown
4372,Rosy Brown
4373,Rosy Brown
4374,Beaver
4375,Dark Chestnut
4376,Blue (Pigment)
4377,Electric Ultramarine
4378,Ultramarine Blue
4379,Medium Slate Blue
4380,Ultramarine Blue
4381,Palatinate Blue
4382,Palatinate Blue
4383,Palatinate Blue
4384,Medium Slate Blue
4385,Ultramarine Blue
4386,Ultramarine Blue
4387,Ultramarine Blue
4388,Palatinate Blue
4389,Palatinate Blue
4390,Palatinate Blue
4391,Palatinate Blue
4392,Palatinate Blue
4393,Palatinate Blue
4394,Palatinate Blue
4395,Palatinate Blue
4396,Palatinate Blue
4397,Palatinate Blue
4398,Palatinate Blue
4399,Palatinate Blue
4400,Palatinate Blue
4401,Palatinate Blue
4402,Palatinate Blue
4403,Palatinate Blue
4404,Palatinate Blue
4405,Palatinate Blue
4406,Palatinate Blue
4407,Palatinate Blue
4408,Palatinate Blue
4409,Palatinate Blue
4410,Palatinate Blue
4411,Electric Ultramarine
4412,Electric Ultramarine
4413,Electric Ultramarine
4414,Ultramarine
4415,Blast-Off Bronze
4416,Rosy Brown
4417,Rosy Brown
4418,Rosy Brown
4419,Rosy Brown
4420,Rosy Brown
4421,Rosy Brown
4422,Rosy Brown
4423,Rosy Brown
4424,Rosy Brown
4425,Grullo
4426,Beaver
4427,Dark Chestnut
4428,Taupe
4429,Dark Jungle Green
4430,Dark Jungle Green
4431,Dark Jungle Green
4432,Dark Jungle Green
4433,Dark Jungle Green
4434,Dark Jungle Green
4435,Dark Jungle Green
4436,Dark Jungle Green
4437,Dark Jungle Green
4438,Dark Jungle Green
4439,Dark Jungle Green
4440,Dark Jungle Green
4441,Dark Jungle Green
4442,Dark Jungle Green
4443,Dark Jungle Green
4444,Dark Jungle Green
4445,Dark Jungle Green
4446,Dark Jungle Green
4447,Dark Jungle Green
4448,Dark Jungle Green
4449,Dark Jungle Green
4450,Dark Jungle Green
4451,Dark Jungle Green
4452,Dark Jungle Green
4453,Dark Jungle Green
4454,Dark Jungle Green
4455,Dark Jungle Green
4456,Dark Jungle Green
4457,Dark Jungle Green
4458,Dark Jungle Green
4459,Dark Jungle Green
4460,Dark Jungle Green
4461,Dark Jungle Green
4462,Dark Jungle Green
4463,Dark Jungle Green
4464,Dark Jungle Green
4465,Dark Jungle Green
4466,Dark Jungle Green
4467,Dark Jungle Green
4468,Dark Jungle Green
4469,Dark Jungle Green
4470,Licorice
4471,Seal Brown
4472,Tuscan Red
4473,Pastel Brown
4474,Tuscan Red
4475,Pastel Brown
4476,Pastel Brown
4477,Pastel Brown
4478,Rose Ebony
4479,Bistre
4480,Licorice
4481,Licorice
4482,Black
4483,Licorice
4484,Black
4485,Licorice
4486,Black
4487,Black
4488,Licorice
4489,Black
4490,Licorice
4491,Licorice
4492,Licorice
4493,Licorice
4494,Licorice
4495,Licorice
4496,Licorice
4497,Licorice
4498,Licorice
4499,Licorice
4500,Black
4501,Black
4502,Licorice
4503,Black
4504,Black
4505,Black
4506,Black
4507,Black
4508,Black
4509,Black
4510,Black
4511,Black
4512,Licorice
4513,Black
4514,Black
4515,Black
4516,Black
4517,Black
4518,Black
4519,Black
4520,Licorice
4521,Black
4522,Licorice
4523,Black
4524,Black
4525,Black
4526,Black
4527,Black
4528,Black
4529,Black
4530,Black
4531,Black
4532,Black
4533,Licorice
4534,Licorice
4535,Licorice
4536,Black
4537,Black
4538,Black
4539,Licorice
4540,Licorice
4541,Licorice
4542,Black
4543,Licorice
4544,Licorice
4545,Licorice
4546,Licorice
4547,Black
4548,Licorice
4549,Licorice
4550,Black
4551,Black
4552,Black
4553,Black
4554,Black
4555,Black
4556,Black
4557,Black
4558,Black
4559,Black
4560,Black
4561,Black
4562,Black
4563,Black
4564,Black
4565,Licorice
4566,Licorice
4567,Licorice
4568,Black
4569,Licorice
4570,Licorice
4571,Licorice
4572,Black
4573,Black
4574,Licorice
4575,Licorice
4576,Licorice
4577,Black
4578,Black
4579,Black
4580,Black
4581,Black
4582,Black
4583,Black
4584,Black
4585,Black
4586,Black
4587,Licorice
4588,Licorice
4589,Black
4590,Black
4591,Black
4592,Black
4593,Licorice
4594,Black
4595,Black
4596,Licorice
4597,Licorice
4598,Licorice
4599,Licorice
4600,Licorice
4601,Licorice
4602,Licorice
4603,Tuscan Red
4604,Dark Chestnut
4605,Dark Chestnut
4606,Blast-Off Bronze
4607,Beaver
4608,Dark Chestnut
4609,Dark Chestnut
4610,Wenge
4611,Taupe
4612,Taupe
4613,Rose Ebony
4614,Pastel Brown
4615,Pastel Brown
4616,Pastel Brown
4617,Pastel Brown
4618,Pastel Brown
4619,Wine Dregs
4620,Seal Brown
4621,Licorice
4622,Seal Brown
4623,Dark Jungle Green
4624,Purple Taupe
4625,Old Lavender
4626,Gray
4627,Gray
4628,Gray
4629,Bazaar
4630,Wenge
4631,Rose Ebony
4632,Tuscan Red
4633,Pastel Brown
4634,Pastel Brown
4635,Tuscan Red
4636,Tuscan Red
4637,Tuscan Red
4638,Rose Ebony
4639,Taupe
4640,Bistre
4641,Bistre
4642,Bistre
4643,Bistre
4644,Taupe
4645,Wenge
4646,Rose Taupe
4647,Pastel Brown
4648,Pastel Brown
4649,Dark Chestnut
4650,Beaver
4651,Beaver
4652,Beaver
4653,Beaver
4654,Beaver
4655,Beaver
4656,Beaver
4657,Beaver
4658,Beaver
4659,Beaver
4660,Beaver
4661,Beaver
4662,Blast-Off Bronze
4663,Copper Rose
4664,Dark Chestnut
4665,Dark Chestnut
4666,Dark Chestnut
4667,Rose Taupe
4668,Pastel Brown
4669,Pastel Brown
4670,Pastel Brown
4671,Tuscan Red
4672,Medium Taupe
4673,Medium Taupe
4674,Deep Coffee
4675,Rose Ebony
4676,Taupe
4677,Caput Mortuum
4678,Caput Mortuum
4679,Seal Brown
4680,Seal Brown
4681,Seal Brown
4682,Dark Jungle Green
4683,Dark Jungle Green
4684,Dark Jungle Green
4685,Dark Jungle Green
4686,Dark Jungle Green
4687,Dark Jungle Green
4688,Dark Jungle Green
4689,Dark Jungle Green
4690,Dark Jungle Green
4691,Dark Jungle Green
4692,Dark Jungle Green
4693,Dark Jungle Green
4694,Dark Jungle Green
4695,Dark Jungle Green
4696,Dark Jungle Green
4697,Dark Jungle Green
4698,Dark Jungle Green
4699,Dark Jungle Green
4700,Dark Jungle Green
4701,Dark Jungle Green
4702,Dark Jungle Green
4703,Dark Jungle Green
