Timestamp,Color Name,Confidence Score
2025-03-17 12:45:00,Licorice,0.84
2025-03-17 12:45:00,Licorice,0.85
2025-03-17 12:45:00,Licorice,0.81
2025-03-17 12:45:00,Licorice,0.83
2025-03-17 12:45:00,Licorice,0.85
2025-03-17 12:45:00,Licorice,0.83
2025-03-17 12:45:00,Licorice,0.86
2025-03-17 12:45:00,Licorice,0.88
2025-03-17 12:45:00,Licorice,0.85
2025-03-17 12:45:00,Licorice,0.83
2025-03-17 12:45:00,Licorice,0.85
2025-03-17 12:45:00,Licorice,0.83
2025-03-17 12:45:00,Licorice,0.86
2025-03-17 12:45:00,Licorice,0.82
2025-03-17 12:45:01,Licorice,0.87
2025-03-17 12:45:01,Licorice,0.86
2025-03-17 12:45:01,Licorice,0.84
2025-03-17 12:45:01,Licorice,0.81
2025-03-17 12:45:01,Licorice,0.84
2025-03-17 12:45:01,Licorice,0.84
2025-03-17 12:45:01,Licorice,0.85
2025-03-17 12:45:01,Licorice,0.86
2025-03-17 12:45:01,Licorice,0.84
2025-03-17 12:45:01,Licorice,0.84
2025-03-17 12:45:01,Black,0.84
2025-03-17 12:45:01,Black,0.85
2025-03-17 12:45:01,Black,0.84
2025-03-17 12:45:01,Black,0.82
2025-03-17 12:45:01,Licorice,0.84
2025-03-17 12:45:01,Licorice,0.86
2025-03-17 12:45:01,Black,0.84
2025-03-17 12:45:01,Black,0.84
2025-03-17 12:45:01,Licorice,0.84
2025-03-17 12:45:01,Licorice,0.84
2025-03-17 12:45:01,Licorice,0.82
2025-03-17 12:45:01,Black,0.85
2025-03-17 12:45:01,Black,0.84
2025-03-17 12:45:01,Licorice,0.84
2025-03-17 12:45:01,Licorice,0.84
2025-03-17 12:45:01,Black,0.87
2025-03-17 12:45:01,Licorice,0.81
2025-03-17 12:45:01,Black,0.85
2025-03-17 12:45:01,Black,0.84
2025-03-17 12:45:01,Black,0.84
2025-03-17 12:45:01,Black,0.84
2025-03-17 12:45:02,Licorice,0.85
2025-03-17 12:45:02,Licorice,0.84
2025-03-17 12:45:02,Black,0.85
2025-03-17 12:45:02,Licorice,0.85
2025-03-17 12:45:02,Licorice,0.85
2025-03-17 12:45:02,Black,0.84
2025-03-17 12:45:02,Licorice,0.83
2025-03-17 12:45:02,Licorice,0.84
2025-03-17 12:45:02,Licorice,0.85
2025-03-17 12:45:02,Licorice,0.85
2025-03-17 12:45:02,Licorice,0.84
2025-03-17 12:45:02,Licorice,0.84
2025-03-17 12:45:02,Licorice,0.83
2025-03-17 12:45:02,Licorice,0.84
2025-03-17 12:45:02,Licorice,0.84
2025-03-17 12:45:02,Licorice,0.84
2025-03-17 12:45:02,Licorice,0.85
2025-03-17 12:45:02,Black,0.85
2025-03-17 12:45:02,Black,0.87
2025-03-17 12:45:02,Licorice,0.86
2025-03-17 12:45:02,Licorice,0.86
2025-03-17 12:45:02,Licorice,0.84
2025-03-17 12:45:02,Black,0.84
2025-03-17 12:45:02,Licorice,0.84
2025-03-17 12:45:02,Licorice,0.82
2025-03-17 12:45:02,Licorice,0.85
2025-03-17 12:45:02,Licorice,0.83
2025-03-17 12:45:02,Licorice,0.82
2025-03-17 12:45:02,Licorice,0.84
2025-03-17 12:45:03,Black,0.86
2025-03-17 12:45:03,Licorice,0.83
2025-03-17 12:45:03,Licorice,0.83
2025-03-17 12:45:03,Black,0.85
2025-03-17 12:45:03,Licorice,0.87
2025-03-17 12:45:03,Licorice,0.85
2025-03-17 12:45:03,Licorice,0.84
2025-03-17 12:45:03,Licorice,0.84
2025-03-17 12:45:03,Licorice,0.83
2025-03-17 12:45:03,Licorice,0.86
2025-03-17 12:45:03,Licorice,0.84
2025-03-17 12:45:03,Black,0.85
2025-03-17 12:45:03,Black,0.85
2025-03-17 12:45:03,Licorice,0.85
2025-03-17 12:45:03,Licorice,0.86
2025-03-17 12:45:03,Licorice,0.85
2025-03-17 12:45:03,Licorice,0.86
2025-03-17 12:45:03,Licorice,0.86
2025-03-17 12:45:03,Licorice,0.84
2025-03-17 12:45:03,Licorice,0.86
2025-03-17 12:45:03,Licorice,0.84
2025-03-17 12:45:03,Licorice,0.84
2025-03-17 12:45:03,Licorice,0.86
2025-03-17 12:45:03,Licorice,0.86
2025-03-17 12:45:03,Licorice,0.85
2025-03-17 12:45:03,Licorice,0.86
2025-03-17 12:45:03,Licorice,0.86
2025-03-17 12:45:03,Licorice,0.84
2025-03-17 12:45:03,Licorice,0.84
2025-03-17 12:45:03,Licorice,0.84
2025-03-17 12:45:04,Licorice,0.85
2025-03-17 12:45:04,Licorice,0.85
2025-03-17 12:45:04,Licorice,0.83
2025-03-17 12:45:04,Licorice,0.82
2025-03-17 12:45:04,Licorice,0.82
2025-03-17 12:45:04,Licorice,0.83
2025-03-17 12:45:04,Licorice,0.86
2025-03-17 12:45:04,Licorice,0.84
2025-03-17 12:45:04,Licorice,0.85
2025-03-17 12:45:04,Licorice,0.86
2025-03-17 12:45:04,Licorice,0.85
2025-03-17 12:45:04,Licorice,0.86
2025-03-17 12:45:04,Licorice,0.85
2025-03-17 12:45:04,Licorice,0.84
2025-03-17 12:45:04,Licorice,0.85
2025-03-17 12:45:04,Licorice,0.85
2025-03-17 12:45:04,Licorice,0.86
2025-03-17 12:45:04,Licorice,0.85
2025-03-17 12:45:04,Licorice,0.83
2025-03-17 12:45:04,Licorice,0.85
2025-03-17 12:45:04,Black,0.83
2025-03-17 12:45:04,Licorice,0.86
2025-03-17 12:45:04,Licorice,0.82
2025-03-17 12:45:04,Licorice,0.84
2025-03-17 12:45:04,Licorice,0.85
2025-03-17 12:45:04,Licorice,0.85
2025-03-17 12:45:04,Licorice,0.86
2025-03-17 12:45:04,Licorice,0.85
2025-03-17 12:45:04,Licorice,0.86
2025-03-17 12:45:04,Licorice,0.86
2025-03-17 12:45:05,Licorice,0.85
2025-03-17 12:45:05,Licorice,0.85
2025-03-17 12:45:05,Licorice,0.85
2025-03-17 12:45:05,Licorice,0.86
2025-03-17 12:45:05,Licorice,0.84
2025-03-17 12:45:05,Licorice,0.82
2025-03-17 12:45:05,Licorice,0.88
2025-03-17 12:45:05,Licorice,0.87
2025-03-17 12:45:05,Licorice,0.84
2025-03-17 12:45:05,Black,0.84
2025-03-17 12:45:05,Licorice,0.81
2025-03-17 12:45:05,Licorice,0.85
2025-03-17 12:45:05,Licorice,0.83
2025-03-17 12:45:05,Licorice,0.83
2025-03-17 12:45:05,Licorice,0.84
2025-03-17 12:45:05,Licorice,0.85
2025-03-17 12:45:05,Licorice,0.85
2025-03-17 12:45:05,Licorice,0.83
2025-03-17 12:45:05,Licorice,0.86
2025-03-17 12:45:05,Licorice,0.86
2025-03-17 12:45:05,Licorice,0.84
2025-03-17 12:45:05,Licorice,0.83
2025-03-17 12:45:05,Licorice,0.86
2025-03-17 12:45:05,Licorice,0.84
2025-03-17 12:45:05,Licorice,0.88
2025-03-17 12:45:05,Licorice,0.84
2025-03-17 12:45:05,Licorice,0.84
2025-03-17 12:45:05,Licorice,0.85
2025-03-17 12:45:05,Licorice,0.85
2025-03-17 12:45:05,Licorice,0.85
2025-03-17 12:45:06,Licorice,0.86
2025-03-17 12:45:06,Licorice,0.84
2025-03-17 12:45:06,Licorice,0.87
2025-03-17 12:45:06,Licorice,0.83
2025-03-17 12:45:06,Licorice,0.85
2025-03-17 12:45:06,Licorice,0.85
2025-03-17 12:45:06,Licorice,0.87
2025-03-17 12:45:06,Licorice,0.87
2025-03-17 12:45:06,Licorice,0.85
2025-03-17 12:45:06,Licorice,0.85
2025-03-17 12:45:06,Licorice,0.86
2025-03-17 12:45:06,Licorice,0.85
2025-03-17 12:45:06,Licorice,0.85
2025-03-17 12:45:06,Licorice,0.86
2025-03-17 12:45:06,Licorice,0.83
2025-03-17 12:45:06,Licorice,0.84
2025-03-17 12:45:06,Licorice,0.84
2025-03-17 12:45:06,Licorice,0.87
2025-03-17 12:45:06,Licorice,0.83
2025-03-17 12:45:06,Licorice,0.88
2025-03-17 12:45:06,Licorice,0.85
2025-03-17 12:45:06,Licorice,0.83
2025-03-17 12:45:06,Licorice,0.85
2025-03-17 12:45:06,Licorice,0.87
2025-03-17 12:45:06,Licorice,0.87
2025-03-17 12:45:06,Licorice,0.87
2025-03-17 12:45:06,Licorice,0.87
2025-03-17 12:45:06,Licorice,0.85
2025-03-17 12:45:06,Licorice,0.84
2025-03-17 12:45:06,Licorice,0.85
2025-03-17 12:45:06,Licorice,0.83
2025-03-17 12:45:07,Licorice,0.86
2025-03-17 12:45:07,Licorice,0.85
2025-03-17 12:45:07,Licorice,0.86
2025-03-17 12:45:07,Licorice,0.87
2025-03-17 12:45:07,Seal Brown,0.88
2025-03-17 12:45:07,Medium Taupe,0.92
2025-03-17 12:45:07,Pastel Brown,0.89
2025-03-17 12:45:07,Pastel Brown,0.88
2025-03-17 12:45:07,Tuscan Red,0.89
2025-03-17 12:45:07,Pastel Brown,0.85
2025-03-17 12:45:07,Pastel Brown,0.90
2025-03-17 12:45:07,Dark Chestnut,0.89
2025-03-17 12:45:07,Blast-Off Bronze,0.87
2025-03-17 12:45:07,Rose Taupe,0.90
2025-03-17 12:45:07,Rose Taupe,0.85
2025-03-17 12:45:07,Mauve Taupe,0.88
2025-03-17 12:45:07,Rose Taupe,0.90
2025-03-17 12:45:07,Mauve Taupe,0.88
2025-03-17 12:45:07,Beaver,0.90
2025-03-17 12:45:07,Cinereous,0.83
2025-03-17 12:45:07,Old Rose,0.86
2025-03-17 12:45:07,Light Taupe,0.84
2025-03-17 12:45:07,Grullo,0.85
2025-03-17 12:45:07,Rosy Brown,0.94
2025-03-17 12:45:07,Rosy Brown,0.92
2025-03-17 12:45:07,Rosy Brown,0.85
2025-03-17 12:45:07,Rosy Brown,0.84
2025-03-17 12:45:07,Khaki (Html/Css) (Khaki),0.82
2025-03-17 12:45:07,Rosy Brown,0.83
2025-03-17 12:45:08,Rosy Brown,0.89
2025-03-17 12:45:08,Rosy Brown,0.90
2025-03-17 12:45:08,Rosy Brown,0.90
2025-03-17 12:45:08,Rosy Brown,0.88
2025-03-17 12:45:08,Rosy Brown,0.87
2025-03-17 12:45:08,Grullo,0.84
2025-03-17 12:45:08,Old Rose,0.88
2025-03-17 12:45:08,Rosy Brown,0.85
2025-03-17 12:45:08,Rosy Brown,0.87
2025-03-17 12:45:08,Old Rose,0.86
2025-03-17 12:45:08,Rosy Brown,0.88
2025-03-17 12:45:08,Rosy Brown,0.90
2025-03-17 12:45:08,Rosy Brown,0.86
2025-03-17 12:45:08,Rosy Brown,0.86
2025-03-17 12:45:08,Khaki (Html/Css) (Khaki),0.83
2025-03-17 12:45:08,Rosy Brown,0.83
2025-03-17 12:45:08,Rosy Brown,0.85
2025-03-17 12:45:08,Rosy Brown,0.82
2025-03-17 12:45:08,Khaki (Html/Css) (Khaki),0.84
2025-03-17 12:45:08,Rosy Brown,0.83
2025-03-17 12:45:08,Khaki (Html/Css) (Khaki),0.83
2025-03-17 12:45:08,Khaki (Html/Css) (Khaki),0.83
2025-03-17 12:45:08,Pastel Pink,0.83
2025-03-17 12:45:08,Pastel Pink,0.83
2025-03-17 12:45:08,Rosy Brown,0.91
2025-03-17 12:45:08,Rosy Brown,0.90
2025-03-17 12:45:08,Light Taupe,0.86
2025-03-17 12:45:08,Beaver,0.90
2025-03-17 12:45:08,Dark Chestnut,0.89
2025-03-17 12:45:08,Dark Chestnut,0.90
2025-03-17 12:45:09,Rose Taupe,0.88
2025-03-17 12:45:09,Rose Taupe,0.90
2025-03-17 12:45:09,Seal Brown,0.93
2025-03-17 12:45:09,International Orange (Engineering),0.85
2025-03-17 12:45:09,International Orange (Engineering),0.85
2025-03-17 12:45:09,Ku Crimson,0.86
2025-03-17 12:45:09,Cadmium Red,0.85
2025-03-17 12:45:09,Lava,0.85
2025-03-17 12:45:09,Venetian Red,0.89
2025-03-17 12:45:09,International Orange (Engineering),0.87
2025-03-17 12:45:09,Mordant Red 19,0.92
2025-03-17 12:45:09,Dark Candy Apple Red,0.91
2025-03-17 12:45:09,Usc Cardinal,0.89
2025-03-17 12:45:09,Usc Cardinal,0.92
2025-03-17 12:45:09,Usc Cardinal,0.94
2025-03-17 12:45:09,Usc Cardinal,0.94
2025-03-17 12:45:09,Mordant Red 19,0.92
2025-03-17 12:45:09,Mordant Red 19,0.93
2025-03-17 12:45:09,Mordant Red 19,0.94
2025-03-17 12:45:09,Mordant Red 19,0.93
2025-03-17 12:45:09,Mordant Red 19,0.91
2025-03-17 12:45:09,International Orange (Engineering),0.89
2025-03-17 12:45:09,International Orange (Engineering),0.89
2025-03-17 12:45:09,Lava,0.88
2025-03-17 12:45:09,Lava,0.86
2025-03-17 12:45:09,Lava,0.86
2025-03-17 12:45:09,Ku Crimson,0.92
2025-03-17 12:45:09,Ku Crimson,0.87
2025-03-17 12:45:09,Ruddy,0.84
2025-03-17 12:45:09,Ruddy,0.83
2025-03-17 12:45:09,Ruddy,0.87
2025-03-17 12:45:10,Ruddy,0.87
2025-03-17 12:45:10,Rosewood,0.88
2025-03-17 12:45:10,Taupe,0.82
2025-03-17 12:45:10,Taupe,0.82
2025-03-17 12:45:10,Dark Sienna,0.86
2025-03-17 12:45:10,Dark Sienna,0.86
2025-03-17 12:45:10,Dark Sienna,0.89
2025-03-17 12:45:10,Dark Sienna,0.91
2025-03-17 12:45:10,Caput Mortuum,0.86
2025-03-17 12:45:10,Caput Mortuum,0.87
2025-03-17 12:45:10,Dark Sienna,0.84
2025-03-17 12:45:10,Dark Sienna,0.91
2025-03-17 12:45:10,Dark Sienna,0.88
2025-03-17 12:45:10,Dark Sienna,0.87
2025-03-17 12:45:10,Seal Brown,0.89
2025-03-17 12:45:10,Seal Brown,0.89
2025-03-17 12:45:10,Seal Brown,0.89
2025-03-17 12:45:10,Seal Brown,0.88
2025-03-17 12:45:10,Dark Sienna,0.90
2025-03-17 12:45:10,Seal Brown,0.90
2025-03-17 12:45:10,Dark Sienna,0.88
2025-03-17 12:45:10,Seal Brown,0.87
2025-03-17 12:45:10,Seal Brown,0.89
2025-03-17 12:45:10,Seal Brown,0.90
2025-03-17 12:45:10,Dark Sienna,0.87
2025-03-17 12:45:10,Dark Sienna,0.92
2025-03-17 12:45:10,Dark Sienna,0.92
2025-03-17 12:45:10,Seal Brown,0.88
2025-03-17 12:45:10,Seal Brown,0.91
2025-03-17 12:45:10,Dark Sienna,0.93
2025-03-17 12:45:11,Dark Sienna,0.90
2025-03-17 12:45:11,Dark Sienna,0.93
2025-03-17 12:45:11,Dark Sienna,0.89
2025-03-17 12:45:11,Dark Sienna,0.89
2025-03-17 12:45:11,Seal Brown,0.89
2025-03-17 12:45:11,Bistre,0.84
2025-03-17 12:45:11,Taupe,0.82
2025-03-17 12:45:11,Dark Scarlet,0.89
2025-03-17 12:45:11,Red-Brown,0.88
2025-03-17 12:45:11,Deep Carmine Pink,0.88
2025-03-17 12:45:11,Ruddy,0.84
2025-03-17 12:45:11,Ruddy,0.84
2025-03-17 12:45:11,Ruddy,0.88
2025-03-17 12:45:11,Ruddy,0.85
2025-03-17 12:45:11,Ruddy,0.85
2025-03-17 12:45:11,Ruddy,0.83
2025-03-17 12:45:11,Ruddy,0.83
2025-03-17 12:45:11,Ruddy,0.84
2025-03-17 12:45:11,Candy Apple Red,0.82
2025-03-17 12:45:11,Ruddy,0.82
2025-03-17 12:45:11,Ruddy,0.82
2025-03-17 12:45:11,Ruddy,0.86
2025-03-17 12:45:11,Red (Ryb),0.81
2025-03-17 12:45:11,Scarlet (Crayola),0.83
2025-03-17 12:45:11,Scarlet (Crayola),0.82
2025-03-17 12:45:11,Red (Ryb),0.83
2025-03-17 12:45:11,Scarlet (Crayola),0.85
2025-03-17 12:45:11,Scarlet (Crayola),0.84
2025-03-17 12:45:11,Scarlet (Crayola),0.82
2025-03-17 12:45:11,Red (Ryb),0.82
2025-03-17 12:45:12,Scarlet (Crayola),0.83
2025-03-17 12:45:12,Red (Ryb),0.82
2025-03-17 12:45:12,Scarlet (Crayola),0.85
2025-03-17 12:45:12,Ruddy,0.84
2025-03-17 12:45:12,Scarlet (Crayola),0.83
2025-03-17 12:45:12,Scarlet (Crayola),0.83
2025-03-17 12:45:12,Scarlet (Crayola),0.82
2025-03-17 12:45:12,Red (Ryb),0.82
2025-03-17 12:45:12,Scarlet (Crayola),0.82
2025-03-17 12:45:12,Red (Ryb),0.82
2025-03-17 12:45:12,Red (Ryb),0.86
2025-03-17 12:45:12,Red (Ryb),0.83
2025-03-17 12:45:12,Red (Ryb),0.86
2025-03-17 12:45:12,Red (Ryb),0.84
2025-03-17 12:45:12,Red (Ryb),0.86
2025-03-17 12:45:12,Red (Ryb),0.85
2025-03-17 12:45:12,Red (Ryb),0.84
2025-03-17 12:45:12,Red (Ryb),0.82
2025-03-17 12:45:12,Lust,0.85
2025-03-17 12:45:12,Candy Apple Red,0.83
2025-03-17 12:45:12,Red (Ryb),0.85
2025-03-17 12:45:12,Red (Ryb),0.83
2025-03-17 12:45:12,Lust,0.84
2025-03-17 12:45:12,Red (Ryb),0.84
2025-03-17 12:45:12,Red (Ryb),0.85
2025-03-17 12:45:12,Red (Ryb),0.86
2025-03-17 12:45:12,Red (Ryb),0.84
2025-03-17 12:45:12,Lust,0.85
2025-03-17 12:45:12,Red,0.86
2025-03-17 12:45:12,Red,0.84
2025-03-17 12:45:13,Red,0.84
2025-03-17 12:45:13,Red,0.86
2025-03-17 12:45:13,Red,0.84
2025-03-17 12:45:13,Red,0.87
2025-03-17 12:45:13,Red,0.86
2025-03-17 12:45:13,Red,0.83
2025-03-17 12:45:13,Red,0.85
2025-03-17 12:45:13,Red,0.85
2025-03-17 12:45:13,Ruddy,0.87
2025-03-17 12:45:13,Red,0.84
2025-03-17 12:45:13,Ruddy,0.84
2025-03-17 12:45:13,Ruddy,0.90
2025-03-17 12:45:13,Ruddy,0.83
2025-03-17 12:45:13,Ruddy,0.83
2025-03-17 12:45:13,Ruddy,0.86
2025-03-17 12:45:13,Ruddy,0.84
2025-03-17 12:45:13,Ruddy,0.83
2025-03-17 12:45:13,Ruddy,0.85
2025-03-17 12:45:13,Ruddy,0.84
2025-03-17 12:45:13,Ruddy,0.87
2025-03-17 12:45:13,Ruddy,0.84
2025-03-17 12:45:13,Ruddy,0.85
2025-03-17 12:45:13,Candy Apple Red,0.83
2025-03-17 12:45:13,Ruddy,0.86
2025-03-17 12:45:13,Ruddy,0.84
2025-03-17 12:45:13,Ruddy,0.87
2025-03-17 12:45:13,Ruddy,0.84
2025-03-17 12:45:13,Ruddy,0.87
2025-03-17 12:45:13,Ruddy,0.85
2025-03-17 12:45:14,Ruddy,0.87
2025-03-17 12:45:14,Ruddy,0.84
2025-03-17 12:45:14,Ruddy,0.90
2025-03-17 12:45:14,Ruddy,0.83
2025-03-17 12:45:14,Ruddy,0.88
2025-03-17 12:45:14,Ruddy,0.86
2025-03-17 12:45:14,Ruddy,0.88
2025-03-17 12:45:14,Candy Apple Red,0.82
2025-03-17 12:45:14,Ruddy,0.82
2025-03-17 12:45:14,Ruddy,0.83
2025-03-17 12:45:14,Ruddy,0.85
2025-03-17 12:45:14,Ruddy,0.82
2025-03-17 12:45:14,Ruddy,0.85
2025-03-17 12:45:14,Red (Ryb),0.82
2025-03-17 12:45:14,Ruddy,0.84
2025-03-17 12:45:14,Ruddy,0.84
2025-03-17 12:45:14,Candy Apple Red,0.82
2025-03-17 12:45:14,Ku Crimson,0.84
2025-03-17 12:45:14,Ruddy,0.82
2025-03-17 12:45:14,Ku Crimson,0.84
2025-03-17 12:45:14,Ku Crimson,0.83
2025-03-17 12:45:14,Ku Crimson,0.87
2025-03-17 12:45:14,Ku Crimson,0.87
2025-03-17 12:45:14,Cadmium Red,0.83
2025-03-17 12:45:14,Ku Crimson,0.88
2025-03-17 12:45:14,Ku Crimson,0.88
2025-03-17 12:45:14,Ku Crimson,0.85
2025-03-17 12:45:14,Ku Crimson,0.86
2025-03-17 12:45:14,Ku Crimson,0.86
2025-03-17 12:45:14,Cadmium Red,0.84
2025-03-17 12:45:15,Ku Crimson,0.87
2025-03-17 12:45:15,Ku Crimson,0.86
2025-03-17 12:45:15,Ku Crimson,0.84
2025-03-17 12:45:15,Ku Crimson,0.86
2025-03-17 12:45:15,Ku Crimson,0.88
2025-03-17 12:45:15,Ku Crimson,0.85
2025-03-17 12:45:15,Ku Crimson,0.85
2025-03-17 12:45:15,Ku Crimson,0.83
2025-03-17 12:45:15,Ku Crimson,0.82
2025-03-17 12:45:15,Ku Crimson,0.85
2025-03-17 12:45:15,Ruddy,0.83
2025-03-17 12:45:15,Red (Ryb),0.83
2025-03-17 12:45:15,Red (Ryb),0.84
2025-03-17 12:45:15,Scarlet (Crayola),0.82
2025-03-17 12:45:15,Red (Ryb),0.82
2025-03-17 12:45:15,Red (Ryb),0.83
2025-03-17 12:45:15,Ruddy,0.82
2025-03-17 12:45:15,Ruddy,0.82
2025-03-17 12:45:15,Ruddy,0.82
2025-03-17 12:45:15,Red (Ryb),0.85
2025-03-17 12:45:15,Red (Ryb),0.84
2025-03-17 12:45:15,Red (Ryb),0.83
2025-03-17 12:45:15,Red (Ryb),0.82
2025-03-17 12:45:15,Red (Ryb),0.82
2025-03-17 12:45:15,Red (Ryb),0.84
2025-03-17 12:45:15,Red (Ryb),0.84
2025-03-17 12:45:15,Red (Ryb),0.87
2025-03-17 12:45:15,Red (Ryb),0.87
2025-03-17 12:45:15,Red (Ryb),0.87
2025-03-17 12:45:15,Red (Ryb),0.88
2025-03-17 12:45:15,Red (Ryb),0.88
2025-03-17 12:45:16,Red (Ryb),0.88
2025-03-17 12:45:16,Ruddy,0.90
2025-03-17 12:45:16,Ruddy,0.89
2025-03-17 12:45:16,Ruddy,0.86
2025-03-17 12:45:16,Ruddy,0.88
2025-03-17 12:45:16,Ruddy,0.89
2025-03-17 12:45:16,Ruddy,0.86
2025-03-17 12:45:16,Ruddy,0.86
2025-03-17 12:45:16,Ruddy,0.88
2025-03-17 12:45:16,Ruddy,0.87
2025-03-17 12:45:16,Ruddy,0.87
2025-03-17 12:45:16,Ruddy,0.88
2025-03-17 12:45:16,Ruddy,0.87
2025-03-17 12:45:16,Ruddy,0.88
2025-03-17 12:45:16,Ruddy,0.87
2025-03-17 12:45:16,Ruddy,0.88
2025-03-17 12:45:16,Ruddy,0.90
2025-03-17 12:45:16,Ruddy,0.87
2025-03-17 12:45:16,Ruddy,0.87
2025-03-17 12:45:16,Ruddy,0.87
2025-03-17 12:45:16,Ruddy,0.87
2025-03-17 12:45:16,Ruddy,0.86
2025-03-17 12:45:16,Ruddy,0.89
2025-03-17 12:45:16,Ruddy,0.87
2025-03-17 12:45:16,Ruddy,0.89
2025-03-17 12:45:16,Ruddy,0.87
2025-03-17 12:45:16,Ruddy,0.84
2025-03-17 12:45:16,Ruddy,0.85
2025-03-17 12:45:16,Ruddy,0.85
2025-03-17 12:45:16,Ruddy,0.86
2025-03-17 12:45:17,Ruddy,0.87
2025-03-17 12:45:17,Ruddy,0.86
2025-03-17 12:45:17,Ruddy,0.87
2025-03-17 12:45:17,Ruddy,0.85
2025-03-17 12:45:17,Ruddy,0.88
2025-03-17 12:45:17,Ruddy,0.85
2025-03-17 12:45:17,Ruddy,0.88
2025-03-17 12:45:17,Candy Apple Red,0.83
2025-03-17 12:45:17,Ruddy,0.88
2025-03-17 12:45:17,Ruddy,0.88
2025-03-17 12:45:17,Ruddy,0.84
2025-03-17 12:45:17,Ruddy,0.83
2025-03-17 12:45:17,Ruddy,0.86
2025-03-17 12:45:17,Ruddy,0.85
2025-03-17 12:45:17,Ruddy,0.84
2025-03-17 12:45:17,Ruddy,0.86
2025-03-17 12:45:17,Ruddy,0.87
2025-03-17 12:45:17,Ruddy,0.84
2025-03-17 12:45:17,Ruddy,0.85
2025-03-17 12:45:17,Ruddy,0.85
2025-03-17 12:45:17,Ruddy,0.85
2025-03-17 12:45:17,Ruddy,0.83
2025-03-17 12:45:17,Scarlet (Crayola),0.86
2025-03-17 12:45:17,Ruddy,0.85
2025-03-17 12:45:17,Ruddy,0.85
2025-03-17 12:45:17,Ruddy,0.82
2025-03-17 12:45:17,Scarlet (Crayola),0.85
2025-03-17 12:45:17,Scarlet (Crayola),0.86
2025-03-17 12:45:17,Scarlet (Crayola),0.87
2025-03-17 12:45:17,Scarlet (Crayola),0.85
2025-03-17 12:45:18,Scarlet (Crayola),0.85
2025-03-17 12:45:18,Scarlet (Crayola),0.85
2025-03-17 12:45:18,Scarlet (Crayola),0.91
2025-03-17 12:45:18,Scarlet (Crayola),0.83
2025-03-17 12:45:18,Scarlet (Crayola),0.85
2025-03-17 12:45:18,Scarlet (Crayola),0.88
2025-03-17 12:45:18,Scarlet (Crayola),0.86
2025-03-17 12:45:18,Scarlet (Crayola),0.83
2025-03-17 12:45:18,Scarlet (Crayola),0.87
2025-03-17 12:45:18,Scarlet (Crayola),0.85
2025-03-17 12:45:18,Scarlet (Crayola),0.84
2025-03-17 12:45:18,Scarlet (Crayola),0.85
2025-03-17 12:45:18,Scarlet (Crayola),0.82
2025-03-17 12:45:18,Scarlet (Crayola),0.84
2025-03-17 12:45:18,Red (Ryb),0.83
2025-03-17 12:45:18,Red (Ryb),0.83
2025-03-17 12:45:18,Ku Crimson,0.83
2025-03-17 12:45:18,Venetian Red,0.84
2025-03-17 12:45:18,Venetian Red,0.83
2025-03-17 12:45:18,Lava,0.84
2025-03-17 12:45:18,Ku Crimson,0.81
2025-03-17 12:45:18,Venetian Red,0.85
2025-03-17 12:45:18,Venetian Red,0.83
2025-03-17 12:45:18,Lava,0.84
2025-03-17 12:45:18,Lava,0.84
2025-03-17 12:45:18,Venetian Red,0.84
2025-03-17 12:45:18,Venetian Red,0.82
2025-03-17 12:45:18,Lava,0.85
2025-03-17 12:45:18,Venetian Red,0.81
2025-03-17 12:45:19,Lava,0.82
2025-03-17 12:45:19,Lust,0.83
2025-03-17 12:45:19,Ku Crimson,0.83
2025-03-17 12:45:19,Venetian Red,0.83
2025-03-17 12:45:19,Lust,0.83
2025-03-17 12:45:19,Lust,0.88
2025-03-17 12:45:19,Ku Crimson,0.89
2025-03-17 12:45:19,Ku Crimson,0.89
2025-03-17 12:45:19,Ku Crimson,0.85
2025-03-17 12:45:19,Ku Crimson,0.86
2025-03-17 12:45:19,Ku Crimson,0.87
2025-03-17 12:45:19,Ku Crimson,0.84
2025-03-17 12:45:19,Ruddy,0.84
2025-03-17 12:45:19,Ku Crimson,0.83
2025-03-17 12:45:19,Ku Crimson,0.86
2025-03-17 12:45:19,Ku Crimson,0.84
2025-03-17 12:45:19,Ku Crimson,0.86
2025-03-17 12:45:19,Ku Crimson,0.83
2025-03-17 12:45:19,Ruddy,0.84
2025-03-17 12:45:19,Red,0.83
2025-03-17 12:45:19,Red,0.83
2025-03-17 12:45:19,Ruddy,0.85
2025-03-17 12:45:19,Ruddy,0.86
2025-03-17 12:45:19,Ruddy,0.85
2025-03-17 12:45:19,Ruddy,0.88
2025-03-17 12:45:19,Ruddy,0.86
2025-03-17 12:45:19,Ruddy,0.86
2025-03-17 12:45:19,Ruddy,0.88
2025-03-17 12:45:19,Ruddy,0.85
2025-03-17 12:45:19,Ruddy,0.89
2025-03-17 12:45:20,Ruddy,0.86
2025-03-17 12:45:20,Ruddy,0.86
2025-03-17 12:45:20,Ruddy,0.85
2025-03-17 12:45:20,Candy Apple Red,0.85
2025-03-17 12:45:20,Vivid Burgundy,0.91
2025-03-17 12:45:20,Cordovan,0.84
2025-03-17 12:45:20,Cordovan,0.84
2025-03-17 12:45:20,Cordovan,0.92
2025-03-17 12:45:20,Carmine,0.91
2025-03-17 12:45:20,Ku Crimson,0.90
2025-03-17 12:45:20,Ruddy,0.87
2025-03-17 12:45:20,Ruddy,0.87
2025-03-17 12:45:20,Ruddy,0.85
2025-03-17 12:45:20,Ruddy,0.86
2025-03-17 12:45:20,Ruddy,0.87
2025-03-17 12:45:20,Ruddy,0.85
2025-03-17 12:45:20,Candy Apple Red,0.85
2025-03-17 12:45:20,Ruddy,0.86
2025-03-17 12:45:20,Red,0.85
2025-03-17 12:45:20,Candy Apple Red,0.86
2025-03-17 12:45:20,Red,0.85
2025-03-17 12:45:20,Red,0.85
2025-03-17 12:45:20,Ku Crimson,0.87
2025-03-17 12:45:20,Ku Crimson,0.88
2025-03-17 12:45:20,Ku Crimson,0.88
2025-03-17 12:45:20,Candy Apple Red,0.86
2025-03-17 12:45:20,Ku Crimson,0.88
2025-03-17 12:45:20,Ku Crimson,0.91
2025-03-17 12:45:20,Ku Crimson,0.92
2025-03-17 12:45:20,Ku Crimson,0.92
2025-03-17 12:45:21,Ku Crimson,0.88
2025-03-17 12:45:21,Ku Crimson,0.87
2025-03-17 12:45:21,Ku Crimson,0.86
2025-03-17 12:45:21,Ku Crimson,0.83
2025-03-17 12:45:21,Ku Crimson,0.84
2025-03-17 12:45:21,Harvard Crimson,0.86
2025-03-17 12:45:21,Ku Crimson,0.87
2025-03-17 12:45:21,Ku Crimson,0.90
2025-03-17 12:45:21,Ku Crimson,0.89
2025-03-17 12:45:21,Ku Crimson,0.87
2025-03-17 12:45:21,Ku Crimson,0.88
2025-03-17 12:45:21,Ku Crimson,0.88
2025-03-17 12:45:21,Ku Crimson,0.87
2025-03-17 12:45:21,Ku Crimson,0.89
2025-03-17 12:45:21,Ku Crimson,0.85
2025-03-17 12:45:21,Ku Crimson,0.86
2025-03-17 12:45:21,Ku Crimson,0.82
2025-03-17 12:45:21,Candy Apple Red,0.84
2025-03-17 12:45:21,Ku Crimson,0.82
2025-03-17 12:45:21,Ku Crimson,0.82
2025-03-17 12:45:21,Red (Ryb),0.81
2025-03-17 12:45:21,Ruddy,0.83
2025-03-17 12:45:21,Ruddy,0.82
2025-03-17 12:45:21,Red (Ryb),0.81
2025-03-17 12:45:21,Red (Ryb),0.81
2025-03-17 12:45:21,Red (Ryb),0.83
2025-03-17 12:45:21,Scarlet (Crayola),0.83
2025-03-17 12:45:21,Scarlet (Crayola),0.85
2025-03-17 12:45:21,Scarlet (Crayola),0.83
2025-03-17 12:45:21,Scarlet (Crayola),0.83
2025-03-17 12:45:21,Red (Ryb),0.85
2025-03-17 12:45:22,Scarlet (Crayola),0.82
2025-03-17 12:45:22,Scarlet (Crayola),0.80
2025-03-17 12:45:22,Scarlet (Crayola),0.83
2025-03-17 12:45:22,Scarlet (Crayola),0.82
2025-03-17 12:45:22,Scarlet (Crayola),0.83
2025-03-17 12:45:22,Scarlet (Crayola),0.83
2025-03-17 12:45:22,Scarlet (Crayola),0.86
2025-03-17 12:45:22,Scarlet (Crayola),0.82
2025-03-17 12:45:22,Ruddy,0.87
2025-03-17 12:45:22,Ruddy,0.87
2025-03-17 12:45:22,Scarlet (Crayola),0.88
2025-03-17 12:45:22,Ruddy,0.87
2025-03-17 12:45:22,Ruddy,0.86
2025-03-17 12:45:22,Ruddy,0.86
2025-03-17 12:45:22,Scarlet (Crayola),0.88
2025-03-17 12:45:22,Ruddy,0.86
2025-03-17 12:45:22,Ruddy,0.87
2025-03-17 12:45:22,Ruddy,0.87
2025-03-17 12:45:22,Ruddy,0.85
2025-03-17 12:45:22,Ruddy,0.87
2025-03-17 12:45:22,Ruddy,0.87
2025-03-17 12:45:22,Ruddy,0.87
2025-03-17 12:45:22,Ruddy,0.87
2025-03-17 12:45:22,Ruddy,0.87
2025-03-17 12:45:22,Ruddy,0.87
2025-03-17 12:45:22,Ruddy,0.86
2025-03-17 12:45:22,Ruddy,0.87
2025-03-17 12:45:22,Ruddy,0.87
2025-03-17 12:45:22,Ruddy,0.87
2025-03-17 12:45:23,Ruddy,0.85
2025-03-17 12:45:23,Ruddy,0.85
2025-03-17 12:45:23,Scarlet (Crayola),0.87
2025-03-17 12:45:23,Ruddy,0.85
2025-03-17 12:45:23,Ruddy,0.87
2025-03-17 12:45:23,Ruddy,0.87
2025-03-17 12:45:23,Ruddy,0.87
2025-03-17 12:45:23,Ruddy,0.87
2025-03-17 12:45:23,Ruddy,0.86
2025-03-17 12:45:23,Ruddy,0.85
2025-03-17 12:45:23,Ruddy,0.83
2025-03-17 12:45:23,Ruddy,0.83
2025-03-17 12:45:23,Ruddy,0.83
2025-03-17 12:45:23,Candy Apple Red,0.84
2025-03-17 12:45:23,Candy Apple Red,0.87
2025-03-17 12:45:23,Candy Apple Red,0.86
2025-03-17 12:45:23,Candy Apple Red,0.87
2025-03-17 12:45:23,Candy Apple Red,0.82
2025-03-17 12:45:23,Candy Apple Red,0.82
2025-03-17 12:45:23,Candy Apple Red,0.83
2025-03-17 12:45:23,Candy Apple Red,0.81
2025-03-17 12:45:23,Candy Apple Red,0.84
2025-03-17 12:45:23,Candy Apple Red,0.84
2025-03-17 12:45:23,Candy Apple Red,0.84
2025-03-17 12:45:23,Candy Apple Red,0.85
2025-03-17 12:45:23,Candy Apple Red,0.84
2025-03-17 12:45:23,Candy Apple Red,0.84
2025-03-17 12:45:23,Candy Apple Red,0.83
2025-03-17 12:45:23,Candy Apple Red,0.83
2025-03-17 12:45:23,Ruddy,0.83
2025-03-17 12:45:23,Ruddy,0.82
2025-03-17 12:45:24,Ruddy,0.82
2025-03-17 12:45:24,Red (Ryb),0.81
2025-03-17 12:45:24,Red (Ryb),0.81
2025-03-17 12:45:24,Red (Ryb),0.82
2025-03-17 12:45:24,Ruddy,0.83
2025-03-17 12:45:24,Red (Ryb),0.82
2025-03-17 12:45:24,Red (Ryb),0.82
2025-03-17 12:45:24,Ruddy,0.82
2025-03-17 12:45:24,Ruddy,0.82
2025-03-17 12:45:24,Red (Ryb),0.82
2025-03-17 12:45:24,Scarlet (Crayola),0.82
2025-03-17 12:45:24,Scarlet (Crayola),0.85
2025-03-17 12:45:24,Scarlet (Crayola),0.83
2025-03-17 12:45:24,Scarlet (Crayola),0.83
2025-03-17 12:45:24,Scarlet (Crayola),0.83
2025-03-17 12:45:24,Ruddy,0.81
2025-03-17 12:45:24,Scarlet (Crayola),0.84
2025-03-17 12:45:24,Ruddy,0.82
2025-03-17 12:45:24,Ruddy,0.82
2025-03-17 12:45:24,Ruddy,0.83
2025-03-17 12:45:24,Ruddy,0.83
2025-03-17 12:45:24,Ruddy,0.83
2025-03-17 12:45:24,Ruddy,0.81
2025-03-17 12:45:24,Ruddy,0.85
2025-03-17 12:45:24,Red (Ryb),0.83
2025-03-17 12:45:24,Ruddy,0.82
2025-03-17 12:45:24,Ruddy,0.82
2025-03-17 12:45:24,Ruddy,0.83
2025-03-17 12:45:24,Ruddy,0.82
2025-03-17 12:45:25,Red (Ryb),0.83
2025-03-17 12:45:25,Red (Ryb),0.82
2025-03-17 12:45:25,Red (Ryb),0.83
2025-03-17 12:45:25,Ruddy,0.82
2025-03-17 12:45:25,Red (Ryb),0.83
2025-03-17 12:45:25,Ruddy,0.81
2025-03-17 12:45:25,Candy Apple Red,0.86
2025-03-17 12:45:25,Red (Ryb),0.81
2025-03-17 12:45:25,Candy Apple Red,0.86
2025-03-17 12:45:25,Candy Apple Red,0.83
2025-03-17 12:45:25,Red (Ryb),0.84
2025-03-17 12:45:25,Red (Ryb),0.83
2025-03-17 12:45:25,Red (Ryb),0.82
2025-03-17 12:45:25,Candy Apple Red,0.84
2025-03-17 12:45:25,Ruddy,0.82
2025-03-17 12:45:25,Ruddy,0.82
2025-03-17 12:45:25,Ruddy,0.82
2025-03-17 12:45:25,Ruddy,0.82
2025-03-17 12:45:25,Ruddy,0.81
2025-03-17 12:45:25,Red (Ryb),0.83
2025-03-17 12:45:25,Ruddy,0.82
2025-03-17 12:45:25,Ruddy,0.81
2025-03-17 12:45:25,Ruddy,0.83
2025-03-17 12:45:25,Ruddy,0.82
2025-03-17 12:45:25,Ruddy,0.83
2025-03-17 12:45:25,Ruddy,0.82
2025-03-17 12:45:25,Ruddy,0.81
2025-03-17 12:45:25,Ruddy,0.82
2025-03-17 12:45:25,Red (Ryb),0.82
2025-03-17 12:45:25,Candy Apple Red,0.83
2025-03-17 12:45:26,Candy Apple Red,0.82
2025-03-17 12:45:26,Candy Apple Red,0.83
2025-03-17 12:45:26,Red (Ryb),0.82
2025-03-17 12:45:26,Candy Apple Red,0.82
2025-03-17 12:45:26,Red (Ryb),0.82
2025-03-17 12:45:26,Candy Apple Red,0.84
2025-03-17 12:45:26,Candy Apple Red,0.84
2025-03-17 12:45:26,Ruddy,0.83
2025-03-17 12:45:26,Ruddy,0.83
2025-03-17 12:45:26,Scarlet (Crayola),0.83
2025-03-17 12:45:26,Ruddy,0.83
2025-03-17 12:45:26,Ruddy,0.84
2025-03-17 12:45:26,Ruddy,0.83
2025-03-17 12:45:26,Ruddy,0.82
2025-03-17 12:45:26,Ruddy,0.82
2025-03-17 12:45:26,Ruddy,0.84
2025-03-17 12:45:26,Ruddy,0.84
2025-03-17 12:45:26,Ruddy,0.84
2025-03-17 12:45:26,Ruddy,0.85
2025-03-17 12:45:26,Ruddy,0.82
2025-03-17 12:45:26,Ruddy,0.83
2025-03-17 12:45:26,Ruddy,0.84
2025-03-17 12:45:26,Ruddy,0.83
2025-03-17 12:45:26,Scarlet (Crayola),0.86
2025-03-17 12:45:26,Ruddy,0.82
2025-03-17 12:45:26,Ruddy,0.82
2025-03-17 12:45:26,Ruddy,0.82
2025-03-17 12:45:26,Ruddy,0.82
2025-03-17 12:45:26,Scarlet (Crayola),0.85
2025-03-17 12:45:26,Ruddy,0.84
2025-03-17 12:45:27,Red (Ryb),0.82
2025-03-17 12:45:27,Ruddy,0.84
2025-03-17 12:45:27,Ruddy,0.82
2025-03-17 12:45:27,Ruddy,0.83
2025-03-17 12:45:27,Candy Apple Red,0.82
2025-03-17 12:45:27,Ruddy,0.83
2025-03-17 12:45:27,Ruddy,0.82
2025-03-17 12:45:27,Candy Apple Red,0.83
2025-03-17 12:45:27,Ruddy,0.84
2025-03-17 12:45:27,Ruddy,0.83
2025-03-17 12:45:27,Red (Ryb),0.81
2025-03-17 12:45:27,Ruddy,0.82
2025-03-17 12:45:27,Candy Apple Red,0.83
2025-03-17 12:45:27,Ruddy,0.81
2025-03-17 12:45:27,Candy Apple Red,0.84
2025-03-17 12:45:27,Candy Apple Red,0.81
2025-03-17 12:45:27,Candy Apple Red,0.85
2025-03-17 12:45:27,Candy Apple Red,0.85
2025-03-17 12:45:27,Candy Apple Red,0.85
2025-03-17 12:45:27,Ruddy,0.82
2025-03-17 12:45:27,Candy Apple Red,0.82
2025-03-17 12:45:27,Ruddy,0.84
2025-03-17 12:45:27,Scarlet (Crayola),0.86
2025-03-17 12:45:27,Scarlet (Crayola),0.86
2025-03-17 12:45:27,Scarlet (Crayola),0.90
2025-03-17 12:45:27,Scarlet (Crayola),0.88
2025-03-17 12:45:27,Scarlet (Crayola),0.90
2025-03-17 12:45:27,Scarlet (Crayola),0.87
2025-03-17 12:45:27,Scarlet (Crayola),0.88
2025-03-17 12:45:27,Scarlet (Crayola),0.86
2025-03-17 12:45:28,Ruddy,0.85
2025-03-17 12:45:28,Ruddy,0.82
2025-03-17 12:45:28,Ruddy,0.82
2025-03-17 12:45:28,Candy Apple Red,0.82
2025-03-17 12:45:28,Ruddy,0.84
2025-03-17 12:45:28,Candy Apple Red,0.82
2025-03-17 12:45:28,Ruddy,0.82
2025-03-17 12:45:28,Candy Apple Red,0.84
2025-03-17 12:45:28,Candy Apple Red,0.86
2025-03-17 12:45:28,Ruddy,0.82
2025-03-17 12:45:28,Red (Ryb),0.83
2025-03-17 12:45:28,Red (Ryb),0.83
2025-03-17 12:45:28,Red (Ryb),0.83
2025-03-17 12:45:28,Candy Apple Red,0.83
2025-03-17 12:45:28,Ruddy,0.81
2025-03-17 12:45:28,Ruddy,0.82
2025-03-17 12:45:28,Ruddy,0.85
2025-03-17 12:45:28,Candy Apple Red,0.85
2025-03-17 12:45:28,Candy Apple Red,0.83
2025-03-17 12:45:28,Ruddy,0.85
2025-03-17 12:45:28,Candy Apple Red,0.83
2025-03-17 12:45:28,Ruddy,0.85
2025-03-17 12:45:28,Ruddy,0.86
2025-03-17 12:45:28,Ruddy,0.86
2025-03-17 12:45:28,Ruddy,0.84
2025-03-17 12:45:28,Ruddy,0.84
2025-03-17 12:45:28,Red,0.85
2025-03-17 12:45:28,Red,0.86
2025-03-17 12:45:28,Red,0.86
2025-03-17 12:45:28,Ku Crimson,0.84
2025-03-17 12:45:29,Red,0.86
2025-03-17 12:45:29,Red,0.87
2025-03-17 12:45:29,Red,0.88
2025-03-17 12:45:29,Red,0.89
2025-03-17 12:45:29,Red,0.89
2025-03-17 12:45:29,Red,0.88
2025-03-17 12:45:29,Red,0.88
2025-03-17 12:45:29,Ku Crimson,0.88
2025-03-17 12:45:29,Ku Crimson,0.86
2025-03-17 12:45:29,Ku Crimson,0.89
2025-03-17 12:45:29,Red,0.87
2025-03-17 12:45:29,Ku Crimson,0.91
2025-03-17 12:45:29,Ku Crimson,0.94
2025-03-17 12:45:29,Ku Crimson,0.91
2025-03-17 12:45:29,Ku Crimson,0.91
2025-03-17 12:45:29,Ku Crimson,0.90
2025-03-17 12:45:29,Ku Crimson,0.91
2025-03-17 12:45:29,Ku Crimson,0.89
2025-03-17 12:45:29,Ku Crimson,0.90
2025-03-17 12:45:29,Ku Crimson,0.89
2025-03-17 12:45:29,Ku Crimson,0.88
2025-03-17 12:45:29,Red,0.87
2025-03-17 12:45:29,Ku Crimson,0.89
2025-03-17 12:45:29,Red,0.89
2025-03-17 12:45:29,Ku Crimson,0.87
2025-03-17 12:45:29,Ku Crimson,0.87
2025-03-17 12:45:29,Candy Apple Red,0.86
2025-03-17 12:45:29,Ku Crimson,0.87
2025-03-17 12:45:29,Ku Crimson,0.86
2025-03-17 12:45:29,Red,0.87
2025-03-17 12:45:29,Ku Crimson,0.88
2025-03-17 12:45:30,Ku Crimson,0.92
2025-03-17 12:45:30,Ku Crimson,0.89
2025-03-17 12:45:30,Ku Crimson,0.90
2025-03-17 12:45:30,Ku Crimson,0.90
2025-03-17 12:45:30,Ku Crimson,0.90
2025-03-17 12:45:30,Ku Crimson,0.90
2025-03-17 12:45:30,Ku Crimson,0.87
2025-03-17 12:45:30,Candy Apple Red,0.86
2025-03-17 12:45:30,Candy Apple Red,0.86
2025-03-17 12:45:30,Red,0.85
2025-03-17 12:45:30,Red,0.90
2025-03-17 12:45:30,Candy Apple Red,0.86
2025-03-17 12:45:30,Red,0.87
2025-03-17 12:45:30,Candy Apple Red,0.89
2025-03-17 12:45:30,Candy Apple Red,0.86
2025-03-17 12:45:30,Candy Apple Red,0.86
2025-03-17 12:45:30,Candy Apple Red,0.87
2025-03-17 12:45:30,Candy Apple Red,0.83
2025-03-17 12:45:30,Candy Apple Red,0.86
2025-03-17 12:45:30,Candy Apple Red,0.84
2025-03-17 12:45:30,Red (Ryb),0.82
2025-03-17 12:45:30,Ruddy,0.83
2025-03-17 12:45:30,Ruddy,0.81
2025-03-17 12:45:30,Ruddy,0.82
2025-03-17 12:45:30,Candy Apple Red,0.83
2025-03-17 12:45:30,Ruddy,0.82
2025-03-17 12:45:30,Ruddy,0.82
2025-03-17 12:45:30,Ruddy,0.82
2025-03-17 12:45:30,Red (Ryb),0.83
2025-03-17 12:45:31,Ruddy,0.83
2025-03-17 12:45:31,Candy Apple Red,0.82
2025-03-17 12:45:31,Candy Apple Red,0.81
2025-03-17 12:45:31,Candy Apple Red,0.83
2025-03-17 12:45:31,Ruddy,0.82
2025-03-17 12:45:31,Red (Ryb),0.82
2025-03-17 12:45:31,Red (Ryb),0.83
2025-03-17 12:45:31,Ruddy,0.82
2025-03-17 12:45:31,Candy Apple Red,0.82
2025-03-17 12:45:31,Candy Apple Red,0.85
2025-03-17 12:45:31,Candy Apple Red,0.84
2025-03-17 12:45:31,Candy Apple Red,0.85
2025-03-17 12:45:31,Red (Ryb),0.83
2025-03-17 12:45:31,Red (Ryb),0.82
2025-03-17 12:45:31,Red (Ryb),0.84
2025-03-17 12:45:31,Red (Ryb),0.83
2025-03-17 12:45:31,Candy Apple Red,0.82
2025-03-17 12:45:31,Ruddy,0.82
2025-03-17 12:45:31,Ruddy,0.82
2025-03-17 12:45:31,Red (Ryb),0.83
2025-03-17 12:45:31,Ruddy,0.85
2025-03-17 12:45:31,Ruddy,0.83
2025-03-17 12:45:31,Ruddy,0.82
2025-03-17 12:45:31,Ruddy,0.85
2025-03-17 12:45:31,Ruddy,0.84
2025-03-17 12:45:31,Ruddy,0.84
2025-03-17 12:45:31,Ruddy,0.85
2025-03-17 12:45:31,Ruddy,0.84
2025-03-17 12:45:31,Ruddy,0.85
2025-03-17 12:45:31,Ruddy,0.84
2025-03-17 12:45:32,Ruddy,0.85
2025-03-17 12:45:32,Ruddy,0.85
2025-03-17 12:45:32,Ruddy,0.82
2025-03-17 12:45:32,Ruddy,0.85
2025-03-17 12:45:32,Ruddy,0.85
2025-03-17 12:45:32,Ruddy,0.86
2025-03-17 12:45:32,Ruddy,0.86
2025-03-17 12:45:32,Ruddy,0.83
2025-03-17 12:45:32,Ruddy,0.83
2025-03-17 12:45:32,Ruddy,0.86
2025-03-17 12:45:32,Ruddy,0.86
2025-03-17 12:45:32,Ruddy,0.85
2025-03-17 12:45:32,Ruddy,0.87
2025-03-17 12:45:32,Ruddy,0.87
2025-03-17 12:45:32,Ruddy,0.82
2025-03-17 12:45:32,Ruddy,0.85
2025-03-17 12:45:32,Ruddy,0.87
2025-03-17 12:45:32,Ruddy,0.86
2025-03-17 12:45:32,Ruddy,0.85
2025-03-17 12:45:32,Ruddy,0.86
2025-03-17 12:45:32,Ruddy,0.85
2025-03-17 12:45:32,Ruddy,0.86
2025-03-17 12:45:32,Ruddy,0.82
2025-03-17 12:45:32,Ruddy,0.85
2025-03-17 12:45:32,Ruddy,0.87
2025-03-17 12:45:32,Ruddy,0.86
2025-03-17 12:45:32,Ruddy,0.86
2025-03-17 12:45:32,Ruddy,0.85
2025-03-17 12:45:32,Ruddy,0.86
2025-03-17 12:45:32,Ruddy,0.85
2025-03-17 12:45:33,Ruddy,0.85
2025-03-17 12:45:33,Ruddy,0.87
2025-03-17 12:45:33,Ruddy,0.85
2025-03-17 12:45:33,Ruddy,0.83
2025-03-17 12:45:33,Ruddy,0.84
2025-03-17 12:45:33,Ruddy,0.83
2025-03-17 12:45:33,Ruddy,0.83
2025-03-17 12:45:33,Ruddy,0.85
2025-03-17 12:45:33,Ruddy,0.83
2025-03-17 12:45:33,Ruddy,0.85
2025-03-17 12:45:33,Ruddy,0.83
2025-03-17 12:45:33,Ruddy,0.87
2025-03-17 12:45:33,Ruddy,0.86
2025-03-17 12:45:33,Ruddy,0.83
2025-03-17 12:45:33,Candy Apple Red,0.86
2025-03-17 12:45:33,Candy Apple Red,0.83
2025-03-17 12:45:33,Candy Apple Red,0.88
2025-03-17 12:45:33,Red,0.84
2025-03-17 12:45:33,Red,0.87
2025-03-17 12:45:33,Candy Apple Red,0.86
2025-03-17 12:45:33,Ku Crimson,0.89
2025-03-17 12:45:33,Ku Crimson,0.90
2025-03-17 12:45:33,Ku Crimson,0.87
2025-03-17 12:45:33,Red,0.88
2025-03-17 12:45:33,Red,0.89
2025-03-17 12:45:33,Candy Apple Red,0.90
2025-03-17 12:45:33,Candy Apple Red,0.91
2025-03-17 12:45:33,Candy Apple Red,0.92
2025-03-17 12:45:33,Candy Apple Red,0.87
2025-03-17 12:45:34,Candy Apple Red,0.90
2025-03-17 12:45:34,Candy Apple Red,0.87
2025-03-17 12:45:34,Candy Apple Red,0.85
2025-03-17 12:45:34,Candy Apple Red,0.86
2025-03-17 12:45:34,Candy Apple Red,0.86
2025-03-17 12:45:34,Candy Apple Red,0.84
2025-03-17 12:45:34,Candy Apple Red,0.91
2025-03-17 12:45:34,Candy Apple Red,0.85
2025-03-17 12:45:34,Candy Apple Red,0.90
2025-03-17 12:45:34,Candy Apple Red,0.85
2025-03-17 12:45:34,Candy Apple Red,0.86
2025-03-17 12:45:34,Candy Apple Red,0.87
2025-03-17 12:45:34,Candy Apple Red,0.84
2025-03-17 12:45:34,Candy Apple Red,0.87
2025-03-17 12:45:34,Red (Ryb),0.82
2025-03-17 12:45:34,Red (Ryb),0.85
2025-03-17 12:45:34,Red (Ryb),0.85
2025-03-17 12:45:34,Scarlet (Crayola),0.84
2025-03-17 12:45:34,Scarlet (Crayola),0.82
2025-03-17 12:45:34,Deep Carmine Pink,0.83
2025-03-17 12:45:34,Scarlet (Crayola),0.82
2025-03-17 12:45:34,Scarlet (Crayola),0.87
2025-03-17 12:45:34,Scarlet (Crayola),0.83
2025-03-17 12:45:34,Scarlet (Crayola),0.87
2025-03-17 12:45:34,Scarlet (Crayola),0.86
2025-03-17 12:45:34,Radical Red,0.79
2025-03-17 12:45:34,Radical Red,0.79
2025-03-17 12:45:34,Scarlet (Crayola),0.90
2025-03-17 12:45:34,Ruddy,0.86
2025-03-17 12:45:34,Ruddy,0.87
2025-03-17 12:45:34,Ruddy,0.86
2025-03-17 12:45:35,Ruddy,0.87
2025-03-17 12:45:35,Ruddy,0.83
2025-03-17 12:45:35,Ruddy,0.87
2025-03-17 12:45:35,Ruddy,0.86
2025-03-17 12:45:35,Ruddy,0.85
2025-03-17 12:45:35,Ruddy,0.87
2025-03-17 12:45:35,Ruddy,0.87
2025-03-17 12:45:35,Ruddy,0.88
2025-03-17 12:45:35,Ruddy,0.90
2025-03-17 12:45:35,Ruddy,0.90
2025-03-17 12:45:35,Ruddy,0.87
2025-03-17 12:45:35,Ruddy,0.86
2025-03-17 12:45:35,Ruddy,0.88
2025-03-17 12:45:35,Ruddy,0.87
2025-03-17 12:45:35,Ruddy,0.86
2025-03-17 12:45:35,Ruddy,0.87
2025-03-17 12:45:35,Ruddy,0.87
2025-03-17 12:45:35,Ruddy,0.88
2025-03-17 12:45:35,Ruddy,0.88
2025-03-17 12:45:35,Ruddy,0.85
2025-03-17 12:45:35,Ruddy,0.87
2025-03-17 12:45:35,Ruddy,0.86
2025-03-17 12:45:35,Ruddy,0.84
2025-03-17 12:45:35,Ku Crimson,0.86
2025-03-17 12:45:35,Ku Crimson,0.87
2025-03-17 12:45:35,Ku Crimson,0.89
2025-03-17 12:45:35,Ku Crimson,0.89
2025-03-17 12:45:35,Ku Crimson,0.89
2025-03-17 12:45:35,Ku Crimson,0.92
2025-03-17 12:45:35,Ku Crimson,0.91
2025-03-17 12:45:35,Ku Crimson,0.89
2025-03-17 12:45:36,Ku Crimson,0.86
2025-03-17 12:45:36,Harvard Crimson,0.82
2025-03-17 12:45:36,Mordant Red 19,0.85
2025-03-17 12:45:36,Dark Candy Apple Red,0.91
2025-03-17 12:45:36,Dark Candy Apple Red,0.94
2025-03-17 12:45:36,Dark Candy Apple Red,0.94
2025-03-17 12:45:36,Dark Candy Apple Red,0.92
2025-03-17 12:45:36,Dark Candy Apple Red,0.92
2025-03-17 12:45:36,Dark Candy Apple Red,0.93
2025-03-17 12:45:36,Dark Candy Apple Red,0.93
2025-03-17 12:45:36,Dark Candy Apple Red,0.89
2025-03-17 12:45:36,Dark Candy Apple Red,0.88
2025-03-17 12:45:36,Mordant Red 19,0.85
2025-03-17 12:45:36,Harvard Crimson,0.82
2025-03-17 12:45:36,Ku Crimson,0.84
2025-03-17 12:45:36,Ku Crimson,0.87
2025-03-17 12:45:36,Red,0.90
2025-03-17 12:45:36,Red,0.90
2025-03-17 12:45:36,Red,0.92
2025-03-17 12:45:36,Candy Apple Red,0.90
2025-03-17 12:45:36,Candy Apple Red,0.90
2025-03-17 12:45:36,Candy Apple Red,0.87
2025-03-17 12:45:36,Candy Apple Red,0.89
2025-03-17 12:45:36,Candy Apple Red,0.90
2025-03-17 12:45:36,Candy Apple Red,0.87
2025-03-17 12:45:36,Candy Apple Red,0.84
2025-03-17 12:45:36,Candy Apple Red,0.92
2025-03-17 12:45:36,Candy Apple Red,0.90
2025-03-17 12:45:36,Candy Apple Red,0.90
2025-03-17 12:45:36,Candy Apple Red,0.87
2025-03-17 12:45:37,Candy Apple Red,0.86
2025-03-17 12:45:37,Candy Apple Red,0.91
2025-03-17 12:45:37,Candy Apple Red,0.90
2025-03-17 12:45:37,Candy Apple Red,0.88
2025-03-17 12:45:37,Candy Apple Red,0.89
2025-03-17 12:45:37,Candy Apple Red,0.92
2025-03-17 12:45:37,Candy Apple Red,0.90
2025-03-17 12:45:37,Candy Apple Red,0.91
2025-03-17 12:45:37,Red,0.89
2025-03-17 12:45:37,Red,0.89
2025-03-17 12:45:37,Ku Crimson,0.87
2025-03-17 12:45:37,Ku Crimson,0.86
2025-03-17 12:45:37,Ku Crimson,0.87
2025-03-17 12:45:37,Ku Crimson,0.87
2025-03-17 12:45:37,Ku Crimson,0.91
2025-03-17 12:45:37,Ku Crimson,0.87
2025-03-17 12:45:37,Ku Crimson,0.87
2025-03-17 12:45:37,Ku Crimson,0.86
2025-03-17 12:45:37,Ku Crimson,0.86
2025-03-17 12:45:37,Ku Crimson,0.87
2025-03-17 12:45:37,Ku Crimson,0.86
2025-03-17 12:45:37,Ku Crimson,0.89
2025-03-17 12:45:37,Ku Crimson,0.89
2025-03-17 12:45:37,Ku Crimson,0.87
2025-03-17 12:45:37,Ku Crimson,0.87
2025-03-17 12:45:37,Ku Crimson,0.88
2025-03-17 12:45:37,Red,0.89
2025-03-17 12:45:37,Red,0.89
2025-03-17 12:45:37,Red,0.90
2025-03-17 12:45:38,Red,0.94
2025-03-17 12:45:38,Red,0.90
2025-03-17 12:45:38,Red,0.88
2025-03-17 12:45:38,Ku Crimson,0.86
2025-03-17 12:45:38,Ku Crimson,0.87
2025-03-17 12:45:38,Ku Crimson,0.87
2025-03-17 12:45:38,Red,0.87
2025-03-17 12:45:38,Red,0.91
2025-03-17 12:45:38,Red,0.88
2025-03-17 12:45:38,Red,0.91
2025-03-17 12:45:38,Red,0.94
2025-03-17 12:45:38,Red,0.92
2025-03-17 12:45:38,Red,0.93
2025-03-17 12:45:38,Red,0.89
2025-03-17 12:45:38,Red,0.93
2025-03-17 12:45:38,Red,0.92
2025-03-17 12:45:38,Red,0.90
2025-03-17 12:45:38,Red,0.93
2025-03-17 12:45:38,Red,0.90
2025-03-17 12:45:38,Red,0.93
2025-03-17 12:45:38,Red,0.90
2025-03-17 12:45:38,Red,0.89
2025-03-17 12:45:38,Red,0.90
2025-03-17 12:45:38,Red,0.89
2025-03-17 12:45:38,Red,0.88
2025-03-17 12:45:38,Red,0.90
2025-03-17 12:45:38,Red,0.90
2025-03-17 12:45:38,Red,0.89
2025-03-17 12:45:38,Red,0.89
2025-03-17 12:45:38,Red,0.91
2025-03-17 12:45:39,Red,0.89
2025-03-17 12:45:39,Red,0.89
2025-03-17 12:45:39,Red,0.89
2025-03-17 12:45:39,Red,0.89
2025-03-17 12:45:39,Red,0.87
2025-03-17 12:45:39,Red,0.90
2025-03-17 12:45:39,Red,0.88
2025-03-17 12:45:39,Red,0.88
2025-03-17 12:45:39,Red,0.88
2025-03-17 12:45:39,Red,0.88
2025-03-17 12:45:39,Red,0.89
2025-03-17 12:45:39,Red,0.90
2025-03-17 12:45:39,Red,0.89
2025-03-17 12:45:39,Red,0.88
2025-03-17 12:45:39,Red,0.89
2025-03-17 12:45:39,Red,0.89
2025-03-17 12:45:39,Red,0.90
2025-03-17 12:45:39,Red,0.93
2025-03-17 12:45:39,Red,0.90
2025-03-17 12:45:39,Red,0.93
2025-03-17 12:45:39,Red,0.94
2025-03-17 12:45:39,Red,0.94
2025-03-17 12:45:39,Red,0.93
2025-03-17 12:45:39,Red,0.94
2025-03-17 12:45:39,Red,0.87
2025-03-17 12:45:39,Red,0.94
2025-03-17 12:45:39,Red,0.94
2025-03-17 12:45:39,Candy Apple Red,0.89
2025-03-17 12:45:39,Candy Apple Red,0.91
2025-03-17 12:45:39,Candy Apple Red,0.86
2025-03-17 12:45:40,Candy Apple Red,0.86
2025-03-17 12:45:40,Candy Apple Red,0.84
2025-03-17 12:45:40,Candy Apple Red,0.82
2025-03-17 12:45:40,Red (Ryb),0.81
2025-03-17 12:45:40,Scarlet (Crayola),0.85
2025-03-17 12:45:40,Scarlet (Crayola),0.86
2025-03-17 12:45:40,Alabama Crimson,0.89
2025-03-17 12:45:40,Onyx,0.81
2025-03-17 12:45:40,Onyx,0.82
2025-03-17 12:45:40,Beaver,0.85
2025-03-17 12:45:40,Rosy Brown,0.84
2025-03-17 12:45:40,Tumbleweed,0.83
2025-03-17 12:45:40,Pastel Pink,0.85
2025-03-17 12:45:40,Pastel Pink,0.90
2025-03-17 12:45:40,Pastel Pink,0.86
2025-03-17 12:45:40,Rosy Brown,0.86
2025-03-17 12:45:40,Rosy Brown,0.92
2025-03-17 12:45:40,Old Rose,0.87
2025-03-17 12:45:40,Old Rose,0.87
2025-03-17 12:45:40,Old Rose,0.87
2025-03-17 12:45:40,Old Rose,0.88
2025-03-17 12:45:40,Beaver,0.87
2025-03-17 12:45:40,Old Rose,0.85
2025-03-17 12:45:40,Rosy Brown,0.87
2025-03-17 12:45:40,Rosy Brown,0.91
2025-03-17 12:45:40,Rosy Brown,0.86
2025-03-17 12:45:40,Rosy Brown,0.88
2025-03-17 12:45:40,Rosy Brown,0.89
2025-03-17 12:45:40,Rosy Brown,0.92
2025-03-17 12:45:40,Rosy Brown,0.86
2025-03-17 12:45:41,Old Rose,0.85
2025-03-17 12:45:41,Turkish Rose,0.86
2025-03-17 12:45:41,Cinereous,0.85
2025-03-17 12:45:41,Cinereous,0.90
2025-03-17 12:45:41,Bazaar,0.92
2025-03-17 12:45:41,Bazaar,0.90
2025-03-17 12:45:41,Cinereous,0.90
2025-03-17 12:45:41,Old Rose,0.84
2025-03-17 12:45:41,Rosy Brown,0.86
2025-03-17 12:45:41,Rosy Brown,0.86
2025-03-17 12:45:41,Rosy Brown,0.88
2025-03-17 12:45:41,Rosy Brown,0.91
2025-03-17 12:45:41,Rosy Brown,0.92
2025-03-17 12:45:41,Rosy Brown,0.90
2025-03-17 12:45:41,Rosy Brown,0.91
2025-03-17 12:45:41,Rosy Brown,0.90
2025-03-17 12:45:41,Rosy Brown,0.92
2025-03-17 12:45:41,Grullo,0.88
2025-03-17 12:45:41,Grullo,0.88
2025-03-17 12:45:41,Grullo,0.86
2025-03-17 12:45:41,Beaver,0.90
2025-03-17 12:45:41,Mauve Taupe,0.84
2025-03-17 12:45:41,Rose Ebony,0.91
2025-03-17 12:45:41,Bistre,0.83
2025-03-17 12:45:41,Dark Jungle Green,0.79
2025-03-17 12:45:41,Dark Jungle Green,0.85
2025-03-17 12:45:41,Dark Jungle Green,0.84
2025-03-17 12:45:41,Dark Jungle Green,0.80
2025-03-17 12:45:41,Dark Jungle Green,0.76
2025-03-17 12:45:41,Dark Jungle Green,0.76
2025-03-17 12:45:41,Dark Jungle Green,0.81
2025-03-17 12:45:42,Dark Jungle Green,0.80
2025-03-17 12:45:42,Dark Jungle Green,0.83
2025-03-17 12:45:42,Dark Jungle Green,0.83
2025-03-17 12:45:42,Bistre,0.83
2025-03-17 12:45:42,Rose Ebony,0.87
2025-03-17 12:45:42,Rose Ebony,0.90
2025-03-17 12:45:42,Wenge,0.89
2025-03-17 12:45:42,Seal Brown,0.86
2025-03-17 12:45:42,Bistre,0.87
2025-03-17 12:45:42,Bistre,0.87
2025-03-17 12:45:42,Deep Coffee,0.93
2025-03-17 12:45:42,Pastel Brown,0.91
2025-03-17 12:45:42,Dark Chestnut,0.88
2025-03-17 12:45:42,Pastel Brown,0.86
2025-03-17 12:45:42,Wenge,0.86
2025-03-17 12:45:42,Bistre,0.87
2025-03-17 12:45:42,Licorice,0.87
2025-03-17 12:45:42,Licorice,0.86
2025-03-17 12:45:42,Licorice,0.84
2025-03-17 12:45:42,Licorice,0.84
2025-03-17 12:45:42,Licorice,0.86
2025-03-17 12:45:42,Licorice,0.86
2025-03-17 12:45:42,Licorice,0.85
2025-03-17 12:45:42,Licorice,0.85
2025-03-17 12:45:42,Licorice,0.85
2025-03-17 12:45:42,Black,0.87
2025-03-17 12:45:42,Black,0.83
2025-03-17 12:45:42,Licorice,0.83
2025-03-17 12:45:42,Black,0.85
2025-03-17 12:45:43,Black,0.87
2025-03-17 12:45:43,Black,0.87
2025-03-17 12:45:43,Black,0.84
2025-03-17 12:45:43,Licorice,0.85
2025-03-17 12:45:43,Black,0.88
2025-03-17 12:45:43,Black,0.84
2025-03-17 12:45:43,Black,0.83
2025-03-17 12:45:43,Black,0.83
2025-03-17 12:45:43,Licorice,0.86
2025-03-17 12:45:43,Black,0.85
2025-03-17 12:45:43,Licorice,0.84
2025-03-17 12:45:43,Licorice,0.82
2025-03-17 12:45:43,Licorice,0.82
2025-03-17 12:45:43,Licorice,0.83
2025-03-17 12:45:43,Licorice,0.83
2025-03-17 12:45:43,Black,0.84
2025-03-17 12:45:43,Black,0.83
2025-03-17 12:45:43,Licorice,0.84
2025-03-17 12:45:43,Black,0.85
2025-03-17 12:45:43,Black,0.84
2025-03-17 12:45:43,Licorice,0.84
2025-03-17 12:45:43,Licorice,0.85
2025-03-17 12:45:43,Licorice,0.85
2025-03-17 12:45:43,Licorice,0.83
2025-03-17 12:45:43,Licorice,0.82
2025-03-17 12:45:43,Licorice,0.84
2025-03-17 12:45:43,Licorice,0.84
2025-03-17 12:45:43,Licorice,0.83
2025-03-17 12:45:43,Licorice,0.84
2025-03-17 12:45:43,Licorice,0.84
2025-03-17 12:45:43,Licorice,0.86
2025-03-17 12:45:44,Licorice,0.84
2025-03-17 12:45:44,Black,0.85
2025-03-17 12:45:44,Black,0.85
2025-03-17 12:45:44,Licorice,0.86
2025-03-17 12:45:44,Licorice,0.83
2025-03-17 12:45:44,Licorice,0.84
2025-03-17 12:45:44,Licorice,0.86
2025-03-17 12:45:44,Licorice,0.85
2025-03-17 12:45:44,Licorice,0.85
2025-03-17 12:45:44,Licorice,0.86
2025-03-17 12:45:44,Licorice,0.86
2025-03-17 12:45:44,Licorice,0.84
2025-03-17 12:45:44,Licorice,0.85
2025-03-17 12:45:44,Licorice,0.83
2025-03-17 12:45:44,Licorice,0.84
2025-03-17 12:45:44,Licorice,0.83
2025-03-17 12:45:44,Licorice,0.84
2025-03-17 12:45:44,Licorice,0.84
2025-03-17 12:45:44,Black,0.85
2025-03-17 12:45:44,Black,0.83
2025-03-17 12:45:44,Black,0.84
2025-03-17 12:45:44,Licorice,0.83
2025-03-17 12:45:44,Licorice,0.82
2025-03-17 12:45:44,Licorice,0.84
2025-03-17 12:45:44,Licorice,0.83
2025-03-17 12:45:44,Licorice,0.82
2025-03-17 12:45:44,Black,0.85
2025-03-17 12:45:44,Black,0.83
2025-03-17 12:45:44,Black,0.86
2025-03-17 12:45:45,Black,0.83
2025-03-17 12:45:45,Black,0.84
2025-03-17 12:45:45,Black,0.84
2025-03-17 12:45:45,Black,0.84
2025-03-17 12:45:45,Black,0.87
2025-03-17 12:45:45,Black,0.89
2025-03-17 12:45:45,Black,0.86
2025-03-17 12:45:45,Black,0.87
2025-03-17 12:45:45,Black,0.92
2025-03-17 12:45:45,Black,0.90
2025-03-17 12:45:45,Black,0.84
2025-03-17 12:45:45,Black,0.88
2025-03-17 12:45:45,Black,0.88
2025-03-17 12:45:45,Black,0.91
2025-03-17 12:45:45,Black,0.90
2025-03-17 12:45:45,Black,0.92
2025-03-17 12:45:45,Black,0.87
2025-03-17 12:45:45,Black,0.88
2025-03-17 12:45:45,Black,0.90
2025-03-17 12:45:45,Black,0.87
2025-03-17 12:45:45,Black,0.89
2025-03-17 12:45:45,Black,0.92
2025-03-17 12:45:45,Black,0.89
2025-03-17 12:45:45,Black,0.86
2025-03-17 12:45:45,Black,0.84
2025-03-17 12:45:45,Black,0.89
2025-03-17 12:45:45,Black,0.86
2025-03-17 12:45:45,Black,0.88
2025-03-17 12:45:45,Black,0.88
2025-03-17 12:45:45,Black,0.91
2025-03-17 12:45:46,Black,0.91
2025-03-17 12:45:46,Black,0.87
2025-03-17 12:45:46,Black,0.89
2025-03-17 12:45:46,Black,0.87
2025-03-17 12:45:46,Black,0.91
2025-03-17 12:45:46,Black,0.86
2025-03-17 12:45:46,Black,0.84
2025-03-17 12:45:46,Black,0.90
2025-03-17 12:45:46,Black,0.92
2025-03-17 12:45:46,Black,0.93
2025-03-17 12:45:46,Black,0.88
2025-03-17 12:45:46,Black,0.89
2025-03-17 12:45:46,Black,0.88
2025-03-17 12:45:46,Black,0.88
2025-03-17 12:45:46,Black,0.90
2025-03-17 12:45:46,Black,0.92
2025-03-17 12:45:46,Black,0.87
2025-03-17 12:45:46,Black,0.85
2025-03-17 12:45:46,Black,0.86
2025-03-17 12:45:46,Black,0.90
2025-03-17 12:45:46,Black,0.85
2025-03-17 12:45:46,Black,0.87
2025-03-17 12:45:46,Black,0.83
2025-03-17 12:45:46,Black,0.88
2025-03-17 12:45:46,Black,0.84
2025-03-17 12:45:46,Black,0.87
2025-03-17 12:45:46,Black,0.89
2025-03-17 12:45:46,Black,0.87
2025-03-17 12:45:46,Black,0.85
2025-03-17 12:45:46,Black,0.86
2025-03-17 12:45:47,Black,0.85
2025-03-17 12:45:47,Black,0.85
2025-03-17 12:45:47,Black,0.87
2025-03-17 12:45:47,Black,0.84
2025-03-17 12:45:47,Licorice,0.84
2025-03-17 12:45:47,Black,0.85
2025-03-17 12:45:47,Black,0.88
2025-03-17 12:45:47,Licorice,0.83
2025-03-17 12:45:47,Licorice,0.85
2025-03-17 12:45:47,Licorice,0.84
2025-03-17 12:45:47,Licorice,0.85
2025-03-17 12:45:47,Black,0.86
2025-03-17 12:45:47,Licorice,0.84
2025-03-17 12:45:47,Licorice,0.84
2025-03-17 12:45:47,Licorice,0.85
2025-03-17 12:45:47,Black,0.85
2025-03-17 12:45:47,Licorice,0.85
2025-03-17 12:45:47,Licorice,0.84
2025-03-17 12:45:47,Licorice,0.84
2025-03-17 12:45:47,Licorice,0.85
2025-03-17 12:45:47,Licorice,0.85
2025-03-17 12:45:47,Licorice,0.84
2025-03-17 12:45:47,Licorice,0.84
2025-03-17 12:45:47,Black,0.82
2025-03-17 12:45:47,Black,0.83
2025-03-17 12:45:47,Licorice,0.83
2025-03-17 12:45:47,Licorice,0.88
2025-03-17 12:45:47,Licorice,0.84
2025-03-17 12:45:47,Licorice,0.83
2025-03-17 12:45:47,Black,0.83
2025-03-17 12:45:48,Licorice,0.86
2025-03-17 12:45:48,Licorice,0.86
2025-03-17 12:45:48,Licorice,0.83
2025-03-17 12:45:48,Licorice,0.85
2025-03-17 12:45:48,Licorice,0.84
2025-03-17 12:45:48,Licorice,0.85
2025-03-17 12:45:48,Licorice,0.88
2025-03-17 12:45:48,Licorice,0.84
2025-03-17 12:45:48,Licorice,0.82
2025-03-17 12:45:48,Licorice,0.84
2025-03-17 12:45:48,Black,0.84
2025-03-17 12:45:48,Licorice,0.86
2025-03-17 12:45:48,Licorice,0.86
2025-03-17 12:45:48,Licorice,0.82
2025-03-17 12:45:48,Licorice,0.84
2025-03-17 12:45:48,Licorice,0.84
2025-03-17 12:45:48,Black,0.83
2025-03-17 12:45:48,Licorice,0.84
2025-03-17 12:45:48,Black,0.86
2025-03-17 12:45:48,Licorice,0.83
2025-03-17 12:45:48,Black,0.85
2025-03-17 12:45:48,Black,0.86
2025-03-17 12:45:48,Black,0.85
2025-03-17 12:45:48,Black,0.85
2025-03-17 12:45:48,Licorice,0.82
2025-03-17 12:45:48,Black,0.85
2025-03-17 12:45:48,Black,0.86
2025-03-17 12:45:48,Black,0.85
2025-03-17 12:45:48,Black,0.83
2025-03-17 12:45:48,Black,0.86
2025-03-17 12:45:49,Black,0.83
2025-03-17 12:45:49,Black,0.86
2025-03-17 12:45:49,Black,0.87
2025-03-17 12:45:49,Black,0.87
2025-03-17 12:45:49,Black,0.86
2025-03-17 12:45:49,Black,0.87
2025-03-17 12:45:49,Black,0.87
2025-03-17 12:45:49,Licorice,0.84
2025-03-17 12:45:49,Licorice,0.84
2025-03-17 12:45:49,Licorice,0.84
2025-03-17 12:45:49,Licorice,0.84
2025-03-17 12:45:49,Licorice,0.85
2025-03-17 12:45:49,Black,0.85
2025-03-17 12:45:49,Licorice,0.84
2025-03-17 12:45:49,Licorice,0.84
2025-03-17 12:45:49,Licorice,0.83
2025-03-17 12:45:49,Licorice,0.84
2025-03-17 12:45:49,Licorice,0.85
2025-03-17 12:45:49,Licorice,0.85
2025-03-17 12:45:49,Licorice,0.83
2025-03-17 12:45:49,Licorice,0.82
2025-03-17 12:45:49,Licorice,0.82
2025-03-17 12:45:49,Licorice,0.86
2025-03-17 12:45:49,Licorice,0.85
2025-03-17 12:45:49,Licorice,0.85
2025-03-17 12:45:49,Licorice,0.85
2025-03-17 12:45:49,Licorice,0.85
2025-03-17 12:45:49,Licorice,0.83
2025-03-17 12:45:49,Licorice,0.84
2025-03-17 12:45:49,Licorice,0.82
2025-03-17 12:45:50,Licorice,0.84
2025-03-17 12:45:50,Licorice,0.85
2025-03-17 12:45:50,Licorice,0.85
2025-03-17 12:45:50,Licorice,0.85
2025-03-17 12:45:50,Licorice,0.85
2025-03-17 12:45:50,Licorice,0.85
2025-03-17 12:45:50,Licorice,0.82
2025-03-17 12:45:50,Licorice,0.85
2025-03-17 12:45:50,Licorice,0.85
2025-03-17 12:45:50,Licorice,0.86
2025-03-17 12:45:50,Licorice,0.84
2025-03-17 12:45:50,Licorice,0.84
2025-03-17 12:45:50,Licorice,0.85
2025-03-17 12:45:50,Licorice,0.85
2025-03-17 12:45:50,Licorice,0.84
2025-03-17 12:45:50,Licorice,0.86
2025-03-17 12:45:50,Licorice,0.86
2025-03-17 12:45:50,Licorice,0.86
2025-03-17 12:45:50,Licorice,0.88
2025-03-17 12:45:50,Licorice,0.86
2025-03-17 12:45:50,Licorice,0.91
2025-03-17 12:45:50,Bistre,0.87
2025-03-17 12:45:50,Rose Ebony,0.93
2025-03-17 12:45:50,Tuscan Red,0.88
2025-03-17 12:45:50,Medium Tuscan Red,0.88
2025-03-17 12:45:50,Coffee,0.91
2025-03-17 12:45:50,Medium Tuscan Red,0.90
2025-03-17 12:45:50,Deep Coffee,0.88
2025-03-17 12:45:50,Coffee,0.90
2025-03-17 12:45:50,Tuscan Red,0.90
2025-03-17 12:45:51,Dark Chestnut,0.89
2025-03-17 12:45:51,Blast-Off Bronze,0.88
2025-03-17 12:45:51,Light Taupe,0.84
2025-03-17 12:45:51,Rosy Brown,0.91
2025-03-17 12:45:51,Old Rose,0.87
2025-03-17 12:45:51,Light Taupe,0.86
2025-03-17 12:45:51,Blast-Off Bronze,0.92
2025-03-17 12:45:51,Blast-Off Bronze,0.89
2025-03-17 12:45:51,Blast-Off Bronze,0.89
2025-03-17 12:45:51,Beaver,0.88
2025-03-17 12:45:51,Bazaar,0.90
2025-03-17 12:45:51,Cinereous,0.89
2025-03-17 12:45:51,Turkish Rose,0.85
2025-03-17 12:45:51,Turkish Rose,0.85
2025-03-17 12:45:51,Old Rose,0.88
2025-03-17 12:45:51,Old Rose,0.86
2025-03-17 12:45:51,Rosy Brown,0.89
2025-03-17 12:45:51,Rosy Brown,0.86
2025-03-17 12:45:51,Rosy Brown,0.82
2025-03-17 12:45:51,Rosy Brown,0.87
2025-03-17 12:45:51,Rosy Brown,0.92
2025-03-17 12:45:51,Rosy Brown,0.87
2025-03-17 12:45:51,Old Rose,0.90
2025-03-17 12:45:51,Rosy Brown,0.88
2025-03-17 12:45:51,Rosy Brown,0.86
2025-03-17 12:45:51,Light Taupe,0.85
2025-03-17 12:45:51,Cinereous,0.90
2025-03-17 12:45:51,Pastel Brown,0.86
2025-03-17 12:45:51,Bistre,0.83
2025-03-17 12:45:51,Bistre,0.82
2025-03-17 12:45:52,Bistre,0.86
2025-03-17 12:45:52,Dark Chestnut,0.90
2025-03-17 12:45:52,Blast-Off Bronze,0.91
2025-03-17 12:45:52,Blast-Off Bronze,0.91
2025-03-17 12:45:52,Copper Penny,0.88
2025-03-17 12:45:52,Old Rose,0.91
2025-03-17 12:45:52,Old Rose,0.91
2025-03-17 12:45:52,Old Rose,0.90
2025-03-17 12:45:52,Dark Chestnut,0.94
2025-03-17 12:45:52,Taupe,0.84
2025-03-17 12:45:52,Pakistan Green,0.91
2025-03-17 12:45:52,Pakistan Green,0.93
2025-03-17 12:45:52,Pakistan Green,0.92
2025-03-17 12:45:52,Pakistan Green,0.93
2025-03-17 12:45:52,Pakistan Green,0.90
2025-03-17 12:45:52,Pakistan Green,0.88
2025-03-17 12:45:52,Pakistan Green,0.86
2025-03-17 12:45:52,Pakistan Green,0.82
2025-03-17 12:45:52,Pakistan Green,0.83
2025-03-17 12:45:52,Pakistan Green,0.84
2025-03-17 12:45:52,Pakistan Green,0.88
2025-03-17 12:45:52,Pakistan Green,0.91
2025-03-17 12:45:52,Pakistan Green,0.91
2025-03-17 12:45:52,Pakistan Green,0.93
2025-03-17 12:45:52,Pakistan Green,0.87
2025-03-17 12:45:52,Pakistan Green,0.84
2025-03-17 12:45:52,Pakistan Green,0.81
2025-03-17 12:45:52,Pakistan Green,0.79
2025-03-17 12:45:52,Up Forest Green,0.75
2025-03-17 12:45:52,Dark Jungle Green,0.87
2025-03-17 12:45:53,Beaver,0.91
2025-03-17 12:45:53,Rosy Brown,0.85
2025-03-17 12:45:53,Beaver,0.89
2025-03-17 12:45:53,Dark Chestnut,0.89
2025-03-17 12:45:53,Rose Taupe,0.91
2025-03-17 12:45:53,Dark Chestnut,0.91
2025-03-17 12:45:53,Blast-Off Bronze,0.89
2025-03-17 12:45:53,Beaver,0.89
2025-03-17 12:45:53,Rosy Brown,0.88
2025-03-17 12:45:53,Rosy Brown,0.84
2025-03-17 12:45:53,Pastel Pink,0.86
2025-03-17 12:45:53,Cinereous,0.85
2025-03-17 12:45:53,Cadmium Green,0.79
2025-03-17 12:45:53,La Salle Green,0.87
2025-03-17 12:45:53,Shamrock Green,0.89
2025-03-17 12:45:53,Shamrock Green,0.89
2025-03-17 12:45:53,North Texas Green,0.84
2025-03-17 12:45:53,La Salle Green,0.87
2025-03-17 12:45:53,La Salle Green,0.85
2025-03-17 12:45:53,La Salle Green,0.83
2025-03-17 12:45:53,Green (Html/Css Green),0.88
2025-03-17 12:45:53,Raw Umber,0.84
2025-03-17 12:45:53,Rosy Brown,0.92
2025-03-17 12:45:53,Rosy Brown,0.85
2025-03-17 12:45:53,Rosy Brown,0.84
2025-03-17 12:45:53,Rosy Brown,0.92
2025-03-17 12:45:53,Chamoisee,0.90
2025-03-17 12:45:53,Blast-Off Bronze,0.92
2025-03-17 12:45:53,Blast-Off Bronze,0.92
2025-03-17 12:45:53,Blast-Off Bronze,0.90
2025-03-17 12:45:54,Blast-Off Bronze,0.90
2025-03-17 12:45:54,Beaver,0.88
2025-03-17 12:45:54,Beaver,0.89
2025-03-17 12:45:54,Beaver,0.88
2025-03-17 12:45:54,Beaver,0.88
2025-03-17 12:45:54,Beaver,0.88
2025-03-17 12:45:54,Beaver,0.88
2025-03-17 12:45:54,Light Taupe,0.87
2025-03-17 12:45:54,Pastel Pink,0.84
2025-03-17 12:45:54,Old Rose,0.88
2025-03-17 12:45:54,Pakistan Green,0.94
2025-03-17 12:45:54,Pakistan Green,0.93
2025-03-17 12:45:54,Pakistan Green,0.91
2025-03-17 12:45:54,Pakistan Green,0.92
2025-03-17 12:45:54,Pakistan Green,0.94
2025-03-17 12:45:54,Pakistan Green,0.94
2025-03-17 12:45:54,Pakistan Green,0.93
2025-03-17 12:45:54,Pakistan Green,0.94
2025-03-17 12:45:54,Pakistan Green,0.93
2025-03-17 12:45:54,Pakistan Green,0.91
2025-03-17 12:45:54,Pakistan Green,0.90
2025-03-17 12:45:54,Pakistan Green,0.90
2025-03-17 12:45:54,Pakistan Green,0.88
2025-03-17 12:45:54,Pakistan Green,0.89
2025-03-17 12:45:54,Pakistan Green,0.89
2025-03-17 12:45:54,Pakistan Green,0.89
2025-03-17 12:45:54,Pakistan Green,0.89
2025-03-17 12:45:54,Pakistan Green,0.89
2025-03-17 12:45:54,Pakistan Green,0.89
2025-03-17 12:45:55,Pakistan Green,0.89
2025-03-17 12:45:55,Pakistan Green,0.90
2025-03-17 12:45:55,Pakistan Green,0.88
2025-03-17 12:45:55,Pakistan Green,0.89
2025-03-17 12:45:55,Pakistan Green,0.89
2025-03-17 12:45:55,Pakistan Green,0.89
2025-03-17 12:45:55,Pakistan Green,0.89
2025-03-17 12:45:55,Pakistan Green,0.89
2025-03-17 12:45:55,Pakistan Green,0.90
2025-03-17 12:45:55,Pakistan Green,0.89
2025-03-17 12:45:55,Pakistan Green,0.88
2025-03-17 12:45:55,Pakistan Green,0.88
2025-03-17 12:45:55,Pakistan Green,0.88
2025-03-17 12:45:55,Pakistan Green,0.88
2025-03-17 12:45:55,Pakistan Green,0.89
2025-03-17 12:45:55,Pakistan Green,0.89
2025-03-17 12:45:55,Pakistan Green,0.89
2025-03-17 12:45:55,Pakistan Green,0.89
2025-03-17 12:45:55,Pakistan Green,0.89
2025-03-17 12:45:55,Pakistan Green,0.89
2025-03-17 12:45:55,Pakistan Green,0.89
2025-03-17 12:45:55,Pakistan Green,0.89
2025-03-17 12:45:55,Pakistan Green,0.88
2025-03-17 12:45:55,Pakistan Green,0.89
2025-03-17 12:45:55,Pakistan Green,0.89
2025-03-17 12:45:55,Pakistan Green,0.88
2025-03-17 12:45:55,Pakistan Green,0.88
2025-03-17 12:45:55,Pakistan Green,0.89
2025-03-17 12:45:55,Pakistan Green,0.89
2025-03-17 12:45:55,Pakistan Green,0.89
2025-03-17 12:45:55,Pakistan Green,0.89
2025-03-17 12:45:55,Pakistan Green,0.88
2025-03-17 12:45:56,Pakistan Green,0.89
2025-03-17 12:45:56,Pakistan Green,0.88
2025-03-17 12:45:56,Pakistan Green,0.88
2025-03-17 12:45:56,Green (Html/Css Green),0.88
2025-03-17 12:45:56,Pakistan Green,0.86
2025-03-17 12:45:56,Pakistan Green,0.88
2025-03-17 12:45:56,Pakistan Green,0.88
2025-03-17 12:45:56,Green (Html/Css Green),0.88
2025-03-17 12:45:56,Green (Html/Css Green),0.87
2025-03-17 12:45:56,Green (Html/Css Green),0.87
2025-03-17 12:45:56,Pakistan Green,0.85
2025-03-17 12:45:56,Pakistan Green,0.86
2025-03-17 12:45:56,Green (Html/Css Green),0.88
2025-03-17 12:45:56,Pakistan Green,0.88
2025-03-17 12:45:56,Pakistan Green,0.89
2025-03-17 12:45:56,Pakistan Green,0.89
2025-03-17 12:45:56,Green (Html/Css Green),0.88
2025-03-17 12:45:56,Green (Html/Css Green),0.88
2025-03-17 12:45:56,Green (Html/Css Green),0.88
2025-03-17 12:45:56,Green (Html/Css Green),0.88
2025-03-17 12:45:56,Green (Html/Css Green),0.88
2025-03-17 12:45:56,Green (Html/Css Green),0.88
2025-03-17 12:45:56,Pakistan Green,0.87
2025-03-17 12:45:56,Green (Html/Css Green),0.88
2025-03-17 12:45:56,Pakistan Green,0.87
2025-03-17 12:45:56,Pakistan Green,0.87
2025-03-17 12:45:56,Green (Html/Css Green),0.88
2025-03-17 12:45:56,Green (Html/Css Green),0.88
2025-03-17 12:45:56,Green (Html/Css Green),0.88
2025-03-17 12:45:57,Pakistan Green,0.88
2025-03-17 12:45:57,Pakistan Green,0.87
2025-03-17 12:45:57,Pakistan Green,0.87
2025-03-17 12:45:57,Pakistan Green,0.87
2025-03-17 12:45:57,Pakistan Green,0.88
2025-03-17 12:45:57,Pakistan Green,0.87
2025-03-17 12:45:57,Pakistan Green,0.89
2025-03-17 12:45:57,Pakistan Green,0.89
2025-03-17 12:45:57,Pakistan Green,0.89
2025-03-17 12:45:57,Pakistan Green,0.89
2025-03-17 12:45:57,Pakistan Green,0.90
2025-03-17 12:45:57,Pakistan Green,0.90
2025-03-17 12:45:57,Pakistan Green,0.91
2025-03-17 12:45:57,Pakistan Green,0.91
2025-03-17 12:45:57,Pakistan Green,0.91
2025-03-17 12:45:57,Pakistan Green,0.93
2025-03-17 12:45:57,Pakistan Green,0.92
2025-03-17 12:45:57,Pakistan Green,0.94
2025-03-17 12:45:57,Pakistan Green,0.92
2025-03-17 12:45:57,Pakistan Green,0.94
2025-03-17 12:45:57,Pakistan Green,0.93
2025-03-17 12:45:57,Pakistan Green,0.93
2025-03-17 12:45:57,Pakistan Green,0.94
2025-03-17 12:45:57,Pakistan Green,0.94
2025-03-17 12:45:57,Pakistan Green,0.94
2025-03-17 12:45:57,Pakistan Green,0.93
2025-03-17 12:45:57,Pakistan Green,0.94
2025-03-17 12:45:57,Pakistan Green,0.93
2025-03-17 12:45:57,Pakistan Green,0.93
2025-03-17 12:45:57,Pakistan Green,0.94
2025-03-17 12:45:57,Pakistan Green,0.91
2025-03-17 12:45:58,Pakistan Green,0.91
2025-03-17 12:45:58,Pakistan Green,0.91
2025-03-17 12:45:58,Pakistan Green,0.91
2025-03-17 12:45:58,Pakistan Green,0.93
2025-03-17 12:45:58,Pakistan Green,0.92
2025-03-17 12:45:58,Pakistan Green,0.93
2025-03-17 12:45:58,Pakistan Green,0.93
2025-03-17 12:45:58,Pakistan Green,0.93
2025-03-17 12:45:58,Pakistan Green,0.94
2025-03-17 12:45:58,Pakistan Green,0.93
2025-03-17 12:45:58,Pakistan Green,0.93
2025-03-17 12:45:58,Pakistan Green,0.93
2025-03-17 12:45:58,Pakistan Green,0.94
2025-03-17 12:45:58,Pakistan Green,0.94
2025-03-17 12:45:58,Pakistan Green,0.94
2025-03-17 12:45:58,Pakistan Green,0.94
2025-03-17 12:45:58,Pakistan Green,0.95
2025-03-17 12:45:58,Pakistan Green,0.94
2025-03-17 12:45:58,Pakistan Green,0.94
2025-03-17 12:45:58,Pakistan Green,0.94
2025-03-17 12:45:58,Pakistan Green,0.94
2025-03-17 12:45:58,Pakistan Green,0.93
2025-03-17 12:45:58,Pakistan Green,0.93
2025-03-17 12:45:58,Pakistan Green,0.94
2025-03-17 12:45:58,Pakistan Green,0.93
2025-03-17 12:45:58,Pakistan Green,0.93
2025-03-17 12:45:58,Pakistan Green,0.93
2025-03-17 12:45:58,Pakistan Green,0.95
2025-03-17 12:45:58,Pakistan Green,0.94
2025-03-17 12:45:59,Pakistan Green,0.94
2025-03-17 12:45:59,Pakistan Green,0.94
2025-03-17 12:45:59,Pakistan Green,0.94
2025-03-17 12:45:59,Pakistan Green,0.93
2025-03-17 12:45:59,Pakistan Green,0.95
2025-03-17 12:45:59,Pakistan Green,0.94
2025-03-17 12:45:59,Pakistan Green,0.95
2025-03-17 12:45:59,Pakistan Green,0.94
2025-03-17 12:45:59,Pakistan Green,0.94
2025-03-17 12:45:59,Pakistan Green,0.94
2025-03-17 12:45:59,Pakistan Green,0.94
2025-03-17 12:45:59,Pakistan Green,0.94
2025-03-17 12:45:59,Pakistan Green,0.94
2025-03-17 12:45:59,Pakistan Green,0.93
2025-03-17 12:45:59,Pakistan Green,0.94
2025-03-17 12:45:59,Pakistan Green,0.94
2025-03-17 12:45:59,Pakistan Green,0.94
2025-03-17 12:45:59,Pakistan Green,0.94
2025-03-17 12:45:59,Pakistan Green,0.94
2025-03-17 12:45:59,Pakistan Green,0.93
2025-03-17 12:45:59,Pakistan Green,0.93
2025-03-17 12:45:59,Pakistan Green,0.92
2025-03-17 12:45:59,Pakistan Green,0.93
2025-03-17 12:45:59,Pakistan Green,0.93
2025-03-17 12:45:59,Pakistan Green,0.93
2025-03-17 12:45:59,Pakistan Green,0.90
2025-03-17 12:45:59,Pakistan Green,0.93
2025-03-17 12:45:59,Pakistan Green,0.91
2025-03-17 12:45:59,Pakistan Green,0.93
2025-03-17 12:45:59,Pakistan Green,0.91
2025-03-17 12:46:00,Pakistan Green,0.91
2025-03-17 12:46:00,Pakistan Green,0.91
2025-03-17 12:46:00,Pakistan Green,0.92
2025-03-17 12:46:00,Pakistan Green,0.92
2025-03-17 12:46:00,Pakistan Green,0.91
2025-03-17 12:46:00,Pakistan Green,0.91
2025-03-17 12:46:00,Pakistan Green,0.91
2025-03-17 12:46:00,Pakistan Green,0.93
2025-03-17 12:46:00,Pakistan Green,0.91
2025-03-17 12:46:00,Pakistan Green,0.91
2025-03-17 12:46:00,Pakistan Green,0.93
2025-03-17 12:46:00,Pakistan Green,0.93
2025-03-17 12:46:00,Pakistan Green,0.93
2025-03-17 12:46:00,Pakistan Green,0.91
2025-03-17 12:46:00,Pakistan Green,0.94
2025-03-17 12:46:00,Pakistan Green,0.93
2025-03-17 12:46:00,Pakistan Green,0.93
2025-03-17 12:46:00,Pakistan Green,0.93
2025-03-17 12:46:00,Pakistan Green,0.91
2025-03-17 12:46:00,Pakistan Green,0.91
2025-03-17 12:46:00,Pakistan Green,0.91
2025-03-17 12:46:00,Pakistan Green,0.91
2025-03-17 12:46:00,Pakistan Green,0.93
2025-03-17 12:46:00,Pakistan Green,0.91
2025-03-17 12:46:00,Pakistan Green,0.91
2025-03-17 12:46:00,Pakistan Green,0.91
2025-03-17 12:46:00,Pakistan Green,0.91
2025-03-17 12:46:00,Pakistan Green,0.93
2025-03-17 12:46:00,Pakistan Green,0.91
2025-03-17 12:46:00,Pakistan Green,0.93
2025-03-17 12:46:01,Pakistan Green,0.93
2025-03-17 12:46:01,Pakistan Green,0.91
2025-03-17 12:46:01,Pakistan Green,0.93
2025-03-17 12:46:01,Pakistan Green,0.91
2025-03-17 12:46:01,Pakistan Green,0.93
2025-03-17 12:46:01,Pakistan Green,0.93
2025-03-17 12:46:01,Pakistan Green,0.91
2025-03-17 12:46:01,Pakistan Green,0.91
2025-03-17 12:46:01,Pakistan Green,0.93
2025-03-17 12:46:01,Pakistan Green,0.93
2025-03-17 12:46:01,Pakistan Green,0.94
2025-03-17 12:46:01,Pakistan Green,0.91
2025-03-17 12:46:01,Pakistan Green,0.93
2025-03-17 12:46:01,Pakistan Green,0.91
2025-03-17 12:46:01,Pakistan Green,0.92
2025-03-17 12:46:01,Pakistan Green,0.93
2025-03-17 12:46:01,Pakistan Green,0.93
2025-03-17 12:46:01,Pakistan Green,0.91
2025-03-17 12:46:01,Pakistan Green,0.91
2025-03-17 12:46:01,Pakistan Green,0.93
2025-03-17 12:46:01,Pakistan Green,0.91
2025-03-17 12:46:01,Pakistan Green,0.93
2025-03-17 12:46:01,Pakistan Green,0.91
2025-03-17 12:46:01,Pakistan Green,0.90
2025-03-17 12:46:01,Pakistan Green,0.91
2025-03-17 12:46:01,Pakistan Green,0.90
2025-03-17 12:46:01,Pakistan Green,0.90
2025-03-17 12:46:01,Pakistan Green,0.91
2025-03-17 12:46:01,Pakistan Green,0.89
2025-03-17 12:46:01,Pakistan Green,0.89
2025-03-17 12:46:02,Pakistan Green,0.89
2025-03-17 12:46:02,Pakistan Green,0.89
2025-03-17 12:46:02,Pakistan Green,0.88
2025-03-17 12:46:02,Pakistan Green,0.88
2025-03-17 12:46:02,Pakistan Green,0.88
2025-03-17 12:46:02,Pakistan Green,0.89
2025-03-17 12:46:02,Pakistan Green,0.89
2025-03-17 12:46:02,Pakistan Green,0.89
2025-03-17 12:46:02,Pakistan Green,0.89
2025-03-17 12:46:02,Pakistan Green,0.89
2025-03-17 12:46:02,Pakistan Green,0.87
2025-03-17 12:46:02,Pakistan Green,0.88
2025-03-17 12:46:02,Pakistan Green,0.88
2025-03-17 12:46:02,Pakistan Green,0.88
2025-03-17 12:46:02,Pakistan Green,0.89
2025-03-17 12:46:02,Pakistan Green,0.89
2025-03-17 12:46:02,Pakistan Green,0.89
2025-03-17 12:46:02,Pakistan Green,0.89
2025-03-17 12:46:02,Pakistan Green,0.89
2025-03-17 12:46:02,Pakistan Green,0.86
2025-03-17 12:46:02,Pakistan Green,0.86
2025-03-17 12:46:02,Pakistan Green,0.88
2025-03-17 12:46:02,Pakistan Green,0.89
2025-03-17 12:46:02,Pakistan Green,0.89
2025-03-17 12:46:02,Pakistan Green,0.89
2025-03-17 12:46:02,Pakistan Green,0.87
2025-03-17 12:46:02,Pakistan Green,0.87
2025-03-17 12:46:02,Pakistan Green,0.88
2025-03-17 12:46:02,Green (Html/Css Green),0.87
2025-03-17 12:46:02,Pakistan Green,0.89
2025-03-17 12:46:03,Pakistan Green,0.89
2025-03-17 12:46:03,Pakistan Green,0.89
2025-03-17 12:46:03,Pakistan Green,0.89
2025-03-17 12:46:03,Pakistan Green,0.90
2025-03-17 12:46:03,Pakistan Green,0.88
2025-03-17 12:46:03,Pakistan Green,0.89
2025-03-17 12:46:03,Pakistan Green,0.89
2025-03-17 12:46:03,Pakistan Green,0.89
2025-03-17 12:46:03,Pakistan Green,0.88
2025-03-17 12:46:03,Pakistan Green,0.89
2025-03-17 12:46:03,Pakistan Green,0.89
2025-03-17 12:46:03,Pakistan Green,0.89
2025-03-17 12:46:03,Pakistan Green,0.87
2025-03-17 12:46:03,Pakistan Green,0.88
2025-03-17 12:46:03,Pakistan Green,0.88
2025-03-17 12:46:03,Pakistan Green,0.87
2025-03-17 12:46:03,Pakistan Green,0.89
2025-03-17 12:46:03,Pakistan Green,0.88
2025-03-17 12:46:03,Pakistan Green,0.88
2025-03-17 12:46:03,Pakistan Green,0.87
2025-03-17 12:46:03,Pakistan Green,0.89
2025-03-17 12:46:03,Dark Olive Green,0.88
2025-03-17 12:46:03,Dark Olive Green,0.88
2025-03-17 12:46:03,Rosy Brown,0.89
2025-03-17 12:46:03,Rosy Brown,0.82
2025-03-17 12:46:03,Pastel Pink,0.84
2025-03-17 12:46:03,Pastel Pink,0.83
2025-03-17 12:46:03,Pastel Pink,0.87
2025-03-17 12:46:03,Pastel Pink,0.88
2025-03-17 12:46:03,Pastel Pink,0.87
2025-03-17 12:46:03,Rosy Brown,0.90
2025-03-17 12:46:04,Old Rose,0.87
2025-03-17 12:46:04,Rosy Brown,0.88
2025-03-17 12:46:04,Rosy Brown,0.88
2025-03-17 12:46:04,Old Rose,0.87
2025-03-17 12:46:04,Beaver,0.85
2025-03-17 12:46:04,Blast-Off Bronze,0.93
2025-03-17 12:46:04,Blast-Off Bronze,0.90
2025-03-17 12:46:04,Blast-Off Bronze,0.92
2025-03-17 12:46:04,Beaver,0.88
2025-03-17 12:46:04,Beaver,0.89
2025-03-17 12:46:04,Beaver,0.91
2025-03-17 12:46:04,Bazaar,0.91
2025-03-17 12:46:04,Bazaar,0.90
2025-03-17 12:46:04,Copper Rose,0.87
2025-03-17 12:46:04,Copper Rose,0.87
2025-03-17 12:46:04,Copper Rose,0.88
2025-03-17 12:46:04,Copper Rose,0.89
2025-03-17 12:46:04,Copper Rose,0.89
2025-03-17 12:46:04,Rose Taupe,0.87
2025-03-17 12:46:04,Rose Taupe,0.85
2025-03-17 12:46:04,Old Lavender,0.85
2025-03-17 12:46:04,Purple Taupe,0.87
2025-03-17 12:46:04,Pastel Brown,0.88
2025-03-17 12:46:04,Pastel Brown,0.91
2025-03-17 12:46:04,Rose Ebony,0.91
2025-03-17 12:46:04,Licorice,0.91
2025-03-17 12:46:04,Licorice,0.91
2025-03-17 12:46:04,Licorice,0.88
2025-03-17 12:46:04,Licorice,0.89
2025-03-17 12:46:05,Licorice,0.87
2025-03-17 12:46:05,Licorice,0.89
2025-03-17 12:46:05,Licorice,0.89
2025-03-17 12:46:05,Licorice,0.85
2025-03-17 12:46:05,Black,0.87
2025-03-17 12:46:05,Black,0.86
2025-03-17 12:46:05,Black,0.91
2025-03-17 12:46:05,Licorice,0.84
2025-03-17 12:46:05,Black,0.87
2025-03-17 12:46:05,Black,0.90
2025-03-17 12:46:05,Black,0.87
2025-03-17 12:46:05,Black,0.86
2025-03-17 12:46:05,Black,0.85
2025-03-17 12:46:05,Black,0.85
2025-03-17 12:46:05,Licorice,0.84
2025-03-17 12:46:05,Licorice,0.87
2025-03-17 12:46:05,Licorice,0.88
2025-03-17 12:46:05,Licorice,0.85
2025-03-17 12:46:05,Licorice,0.84
2025-03-17 12:46:05,Licorice,0.84
2025-03-17 12:46:05,Licorice,0.87
2025-03-17 12:46:05,Licorice,0.85
2025-03-17 12:46:05,Licorice,0.85
2025-03-17 12:46:05,Licorice,0.84
2025-03-17 12:46:05,Black,0.84
2025-03-17 12:46:05,Black,0.85
2025-03-17 12:46:05,Licorice,0.83
2025-03-17 12:46:05,Black,0.91
2025-03-17 12:46:05,Black,0.87
2025-03-17 12:46:05,Black,0.86
2025-03-17 12:46:06,Black,0.90
2025-03-17 12:46:06,Black,0.91
2025-03-17 12:46:06,Black,0.91
2025-03-17 12:46:06,Black,0.89
2025-03-17 12:46:06,Black,0.93
2025-03-17 12:46:06,Black,0.93
2025-03-17 12:46:06,Black,0.92
2025-03-17 12:46:06,Black,0.90
2025-03-17 12:46:06,Black,0.90
2025-03-17 12:46:06,Black,0.89
2025-03-17 12:46:06,Black,0.89
2025-03-17 12:46:06,Black,0.89
2025-03-17 12:46:06,Black,0.92
2025-03-17 12:46:06,Black,0.91
2025-03-17 12:46:06,Black,0.91
2025-03-17 12:46:06,Black,0.92
2025-03-17 12:46:06,Black,0.92
2025-03-17 12:46:06,Black,0.92
2025-03-17 12:46:06,Black,0.93
2025-03-17 12:46:06,Black,0.93
2025-03-17 12:46:06,Black,0.90
2025-03-17 12:46:06,Black,0.88
2025-03-17 12:46:06,Black,0.87
2025-03-17 12:46:06,Black,0.88
2025-03-17 12:46:06,Black,0.89
2025-03-17 12:46:06,Black,0.90
2025-03-17 12:46:06,Black,0.90
2025-03-17 12:46:06,Black,0.91
2025-03-17 12:46:06,Black,0.89
2025-03-17 12:46:06,Black,0.88
2025-03-17 12:46:07,Black,0.87
2025-03-17 12:46:07,Black,0.85
2025-03-17 12:46:07,Black,0.89
2025-03-17 12:46:07,Black,0.89
2025-03-17 12:46:07,Black,0.87
2025-03-17 12:46:07,Black,0.87
2025-03-17 12:46:07,Black,0.85
2025-03-17 12:46:07,Licorice,0.85
2025-03-17 12:46:07,Licorice,0.85
2025-03-17 12:46:07,Licorice,0.85
2025-03-17 12:46:07,Licorice,0.86
2025-03-17 12:46:07,Black,0.85
2025-03-17 12:46:07,Licorice,0.86
2025-03-17 12:46:07,Licorice,0.85
2025-03-17 12:46:07,Black,0.87
2025-03-17 12:46:07,Licorice,0.86
2025-03-17 12:46:07,Licorice,0.84
2025-03-17 12:46:07,Licorice,0.86
2025-03-17 12:46:07,Licorice,0.86
2025-03-17 12:46:07,Licorice,0.86
2025-03-17 12:46:07,Licorice,0.86
2025-03-17 12:46:07,Licorice,0.85
2025-03-17 12:46:07,Licorice,0.85
2025-03-17 12:46:07,Licorice,0.84
2025-03-17 12:46:07,Licorice,0.88
2025-03-17 12:46:07,Licorice,0.85
2025-03-17 12:46:07,Licorice,0.87
2025-03-17 12:46:07,Licorice,0.84
2025-03-17 12:46:07,Licorice,0.85
2025-03-17 12:46:07,Licorice,0.84
2025-03-17 12:46:08,Licorice,0.89
2025-03-17 12:46:08,Licorice,0.89
2025-03-17 12:46:08,Licorice,0.85
2025-03-17 12:46:08,Licorice,0.85
2025-03-17 12:46:08,Licorice,0.85
2025-03-17 12:46:08,Licorice,0.85
2025-03-17 12:46:08,Licorice,0.85
2025-03-17 12:46:08,Licorice,0.87
2025-03-17 12:46:08,Licorice,0.84
2025-03-17 12:46:08,Licorice,0.87
2025-03-17 12:46:08,Licorice,0.84
2025-03-17 12:46:08,Licorice,0.88
2025-03-17 12:46:08,Licorice,0.88
2025-03-17 12:46:08,Licorice,0.84
2025-03-17 12:46:08,Licorice,0.86
2025-03-17 12:46:08,Licorice,0.85
2025-03-17 12:46:08,Licorice,0.86
2025-03-17 12:46:08,Black,0.84
2025-03-17 12:46:08,Licorice,0.86
2025-03-17 12:46:08,Licorice,0.85
2025-03-17 12:46:08,Black,0.85
2025-03-17 12:46:08,Licorice,0.86
2025-03-17 12:46:08,Licorice,0.86
2025-03-17 12:46:08,Licorice,0.85
2025-03-17 12:46:08,Licorice,0.84
2025-03-17 12:46:08,Licorice,0.85
2025-03-17 12:46:08,Licorice,0.86
2025-03-17 12:46:08,Licorice,0.85
2025-03-17 12:46:08,Licorice,0.85
2025-03-17 12:46:09,Licorice,0.84
2025-03-17 12:46:09,Black,0.85
2025-03-17 12:46:09,Licorice,0.86
2025-03-17 12:46:09,Black,0.85
2025-03-17 12:46:09,Black,0.85
2025-03-17 12:46:09,Licorice,0.85
2025-03-17 12:46:09,Black,0.84
2025-03-17 12:46:09,Black,0.85
2025-03-17 12:46:09,Black,0.86
2025-03-17 12:46:09,Licorice,0.85
2025-03-17 12:46:09,Black,0.85
2025-03-17 12:46:09,Black,0.84
2025-03-17 12:46:09,Licorice,0.86
2025-03-17 12:46:09,Black,0.85
2025-03-17 12:46:09,Black,0.85
2025-03-17 12:46:09,Black,0.85
2025-03-17 12:46:09,Licorice,0.85
2025-03-17 12:46:09,Licorice,0.85
2025-03-17 12:46:09,Black,0.84
2025-03-17 12:46:09,Black,0.87
2025-03-17 12:46:09,Licorice,0.85
2025-03-17 12:46:09,Licorice,0.84
2025-03-17 12:46:09,Licorice,0.84
2025-03-17 12:46:09,Licorice,0.85
2025-03-17 12:46:09,Black,0.85
2025-03-17 12:46:09,Black,0.85
2025-03-17 12:46:09,Black,0.87
2025-03-17 12:46:09,Licorice,0.84
2025-03-17 12:46:09,Licorice,0.83
2025-03-17 12:46:09,Black,0.84
2025-03-17 12:46:09,Black,0.86
2025-03-17 12:46:09,Licorice,0.84
2025-03-17 12:46:10,Licorice,0.86
2025-03-17 12:46:10,Licorice,0.86
2025-03-17 12:46:10,Licorice,0.85
2025-03-17 12:46:10,Licorice,0.86
2025-03-17 12:46:10,Licorice,0.86
2025-03-17 12:46:10,Licorice,0.85
2025-03-17 12:46:10,Licorice,0.86
2025-03-17 12:46:10,Licorice,0.87
2025-03-17 12:46:10,Licorice,0.87
2025-03-17 12:46:10,Licorice,0.86
2025-03-17 12:46:10,Licorice,0.89
2025-03-17 12:46:10,Licorice,0.88
2025-03-17 12:46:10,Licorice,0.92
2025-03-17 12:46:10,Café Noir,0.89
2025-03-17 12:46:10,Rose Ebony,0.84
2025-03-17 12:46:10,Rose Ebony,0.84
2025-03-17 12:46:10,Medium Taupe,0.89
2025-03-17 12:46:10,Tuscan Red,0.86
2025-03-17 12:46:10,Rose Taupe,0.89
2025-03-17 12:46:10,Dark Chestnut,0.88
2025-03-17 12:46:10,Beaver,0.91
2025-03-17 12:46:10,Blast-Off Bronze,0.88
2025-03-17 12:46:10,Pastel Brown,0.88
2025-03-17 12:46:10,Tuscan Red,0.84
2025-03-17 12:46:10,Rose Taupe,0.86
2025-03-17 12:46:10,Rose Taupe,0.84
2025-03-17 12:46:10,Rose Taupe,0.88
2025-03-17 12:46:10,Beaver,0.90
2025-03-17 12:46:10,Beaver,0.89
2025-03-17 12:46:11,Beaver,0.87
2025-03-17 12:46:11,Beaver,0.89
2025-03-17 12:46:11,Shadow,0.85
2025-03-17 12:46:11,Medium Taupe,0.86
2025-03-17 12:46:11,Dark Jungle Green,0.82
2025-03-17 12:46:11,Dark Jungle Green,0.80
2025-03-17 12:46:11,Dark Jungle Green,0.81
2025-03-17 12:46:11,Dark Jungle Green,0.82
2025-03-17 12:46:11,Tuscan Red,0.90
2025-03-17 12:46:11,Copper Penny,0.90
2025-03-17 12:46:11,Old Rose,0.88
2025-03-17 12:46:11,Rose Taupe,0.89
2025-03-17 12:46:11,Dark Jungle Green,0.75
2025-03-17 12:46:11,Blue (Pigment),0.79
2025-03-17 12:46:11,Ultramarine,0.84
2025-03-17 12:46:11,Zaffre,0.83
2025-03-17 12:46:11,Ultramarine,0.83
2025-03-17 12:46:11,Zaffre,0.85
2025-03-17 12:46:11,Zaffre,0.84
2025-03-17 12:46:11,Zaffre,0.89
2025-03-17 12:46:11,Zaffre,0.80
2025-03-17 12:46:11,Ultramarine,0.83
2025-03-17 12:46:11,Zaffre,0.83
2025-03-17 12:46:11,Zaffre,0.81
2025-03-17 12:46:11,Zaffre,0.83
2025-03-17 12:46:11,Ultramarine,0.79
2025-03-17 12:46:11,Ultramarine,0.81
2025-03-17 12:46:11,Ultramarine,0.84
2025-03-17 12:46:11,Duke Blue,0.85
2025-03-17 12:46:11,Ultramarine,0.86
2025-03-17 12:46:12,Ultramarine,0.85
2025-03-17 12:46:12,Ultramarine,0.84
2025-03-17 12:46:12,Duke Blue,0.84
2025-03-17 12:46:12,Duke Blue,0.81
2025-03-17 12:46:12,Ultramarine,0.80
2025-03-17 12:46:12,Zaffre,0.83
2025-03-17 12:46:12,Duke Blue,0.85
2025-03-17 12:46:12,Duke Blue,0.87
2025-03-17 12:46:12,Duke Blue,0.86
2025-03-17 12:46:12,Ultramarine,0.85
2025-03-17 12:46:12,Duke Blue,0.86
2025-03-17 12:46:12,Duke Blue,0.86
2025-03-17 12:46:12,Duke Blue,0.86
2025-03-17 12:46:12,Duke Blue,0.84
2025-03-17 12:46:12,Zaffre,0.85
2025-03-17 12:46:12,Zaffre,0.86
2025-03-17 12:46:12,Duke Blue,0.88
2025-03-17 12:46:12,Duke Blue,0.88
2025-03-17 12:46:12,Duke Blue,0.86
2025-03-17 12:46:12,Duke Blue,0.85
2025-03-17 12:46:12,Duke Blue,0.85
2025-03-17 12:46:12,Duke Blue,0.86
2025-03-17 12:46:12,Zaffre,0.86
2025-03-17 12:46:12,Ultramarine,0.81
2025-03-17 12:46:12,Zaffre,0.83
2025-03-17 12:46:12,Ultramarine,0.83
2025-03-17 12:46:12,Zaffre,0.86
2025-03-17 12:46:12,Duke Blue,0.85
2025-03-17 12:46:12,Zaffre,0.86
2025-03-17 12:46:12,Zaffre,0.83
2025-03-17 12:46:13,Zaffre,0.86
2025-03-17 12:46:13,Duke Blue,0.87
2025-03-17 12:46:13,Duke Blue,0.88
2025-03-17 12:46:13,Zaffre,0.86
2025-03-17 12:46:13,Duke Blue,0.84
2025-03-17 12:46:13,Ultramarine,0.84
2025-03-17 12:46:13,Zaffre,0.87
2025-03-17 12:46:13,Zaffre,0.87
2025-03-17 12:46:13,Zaffre,0.84
2025-03-17 12:46:13,Zaffre,0.85
2025-03-17 12:46:13,Zaffre,0.86
2025-03-17 12:46:13,Zaffre,0.85
2025-03-17 12:46:13,Zaffre,0.83
2025-03-17 12:46:13,Duke Blue,0.83
2025-03-17 12:46:13,Zaffre,0.87
2025-03-17 12:46:13,Zaffre,0.84
2025-03-17 12:46:13,Duke Blue,0.84
2025-03-17 12:46:13,Duke Blue,0.88
2025-03-17 12:46:13,Ultramarine,0.87
2025-03-17 12:46:13,Ultramarine,0.88
2025-03-17 12:46:13,Ultramarine,0.88
2025-03-17 12:46:13,Ultramarine,0.91
2025-03-17 12:46:13,Ultramarine,0.88
2025-03-17 12:46:13,Duke Blue,0.88
2025-03-17 12:46:13,Ultramarine,0.87
2025-03-17 12:46:13,Ultramarine,0.90
2025-03-17 12:46:13,Ultramarine,0.90
2025-03-17 12:46:13,Ultramarine,0.90
2025-03-17 12:46:13,Ultramarine,0.90
2025-03-17 12:46:13,Ultramarine,0.88
2025-03-17 12:46:14,Dark Blue,0.89
2025-03-17 12:46:14,Dark Blue,0.88
2025-03-17 12:46:14,Dark Blue,0.90
2025-03-17 12:46:14,Navy Blue,0.91
2025-03-17 12:46:14,Navy Blue,0.88
2025-03-17 12:46:14,Navy Blue,0.89
2025-03-17 12:46:14,Navy Blue,0.90
2025-03-17 12:46:14,Navy Blue,0.90
2025-03-17 12:46:14,Navy Blue,0.86
2025-03-17 12:46:14,Navy Blue,0.89
2025-03-17 12:46:14,Navy Blue,0.88
2025-03-17 12:46:14,Navy Blue,0.89
2025-03-17 12:46:14,Navy Blue,0.87
2025-03-17 12:46:14,Navy Blue,0.89
2025-03-17 12:46:14,Navy Blue,0.90
2025-03-17 12:46:14,Navy Blue,0.86
2025-03-17 12:46:14,Navy Blue,0.87
2025-03-17 12:46:14,Navy Blue,0.85
2025-03-17 12:46:14,Navy Blue,0.87
2025-03-17 12:46:14,Navy Blue,0.87
2025-03-17 12:46:14,Navy Blue,0.89
2025-03-17 12:46:14,Navy Blue,0.88
2025-03-17 12:46:14,Navy Blue,0.90
2025-03-17 12:46:14,Navy Blue,0.90
2025-03-17 12:46:14,Navy Blue,0.90
2025-03-17 12:46:14,Navy Blue,0.88
2025-03-17 12:46:14,Navy Blue,0.89
2025-03-17 12:46:14,Navy Blue,0.88
2025-03-17 12:46:14,Navy Blue,0.89
2025-03-17 12:46:14,Navy Blue,0.88
2025-03-17 12:46:15,Navy Blue,0.89
2025-03-17 12:46:15,Navy Blue,0.90
2025-03-17 12:46:15,Navy Blue,0.91
2025-03-17 12:46:15,Navy Blue,0.88
2025-03-17 12:46:15,Navy Blue,0.87
2025-03-17 12:46:15,Navy Blue,0.87
2025-03-17 12:46:15,Navy Blue,0.92
2025-03-17 12:46:15,Navy Blue,0.92
2025-03-17 12:46:15,Navy Blue,0.93
2025-03-17 12:46:15,Ultramarine,0.88
2025-03-17 12:46:15,Navy Blue,0.89
2025-03-17 12:46:15,Dark Blue,0.92
2025-03-17 12:46:15,Dark Blue,0.92
2025-03-17 12:46:15,Dark Blue,0.89
2025-03-17 12:46:15,Dark Blue,0.90
2025-03-17 12:46:15,Dark Blue,0.92
2025-03-17 12:46:15,Dark Blue,0.92
2025-03-17 12:46:15,Dark Blue,0.90
2025-03-17 12:46:15,Dark Blue,0.93
2025-03-17 12:46:15,Dark Blue,0.93
2025-03-17 12:46:15,Dark Blue,0.90
2025-03-17 12:46:15,Dark Blue,0.92
2025-03-17 12:46:15,Dark Blue,0.90
2025-03-17 12:46:15,Dark Blue,0.93
2025-03-17 12:46:15,Dark Blue,0.89
2025-03-17 12:46:15,Dark Blue,0.92
2025-03-17 12:46:15,Dark Blue,0.92
2025-03-17 12:46:15,Dark Blue,0.93
2025-03-17 12:46:15,Dark Blue,0.90
2025-03-17 12:46:15,Dark Blue,0.92
2025-03-17 12:46:15,Dark Blue,0.90
2025-03-17 12:46:16,Dark Blue,0.90
2025-03-17 12:46:16,Dark Blue,0.92
2025-03-17 12:46:16,Dark Blue,0.88
2025-03-17 12:46:16,Dark Blue,0.88
2025-03-17 12:46:16,Dark Blue,0.91
2025-03-17 12:46:16,Ultramarine,0.88
2025-03-17 12:46:16,Ultramarine,0.88
2025-03-17 12:46:16,Dark Blue,0.88
2025-03-17 12:46:16,Dark Blue,0.89
2025-03-17 12:46:16,Dark Blue,0.92
2025-03-17 12:46:16,Dark Blue,0.89
2025-03-17 12:46:16,Dark Blue,0.90
2025-03-17 12:46:16,Dark Blue,0.92
2025-03-17 12:46:16,Dark Blue,0.90
2025-03-17 12:46:16,Dark Blue,0.91
2025-03-17 12:46:16,Dark Blue,0.92
2025-03-17 12:46:16,Dark Blue,0.91
2025-03-17 12:46:16,Dark Blue,0.91
2025-03-17 12:46:16,Dark Blue,0.93
2025-03-17 12:46:16,Ultramarine,0.88
2025-03-17 12:46:16,Dark Blue,0.88
2025-03-17 12:46:16,Dark Blue,0.88
2025-03-17 12:46:16,Ultramarine,0.88
2025-03-17 12:46:16,Dark Blue,0.91
2025-03-17 12:46:16,Dark Blue,0.88
2025-03-17 12:46:16,Dark Blue,0.91
2025-03-17 12:46:16,Dark Blue,0.89
2025-03-17 12:46:16,Dark Blue,0.89
2025-03-17 12:46:16,Ultramarine,0.88
2025-03-17 12:46:16,Dark Blue,0.90
2025-03-17 12:46:17,Duke Blue,0.88
2025-03-17 12:46:17,Ultramarine,0.88
2025-03-17 12:46:17,Ultramarine,0.88
2025-03-17 12:46:17,Duke Blue,0.89
2025-03-17 12:46:17,Dark Blue,0.88
2025-03-17 12:46:17,Ultramarine,0.88
2025-03-17 12:46:17,Dark Blue,0.88
2025-03-17 12:46:17,Dark Blue,0.89
2025-03-17 12:46:17,Dark Blue,0.89
2025-03-17 12:46:17,Duke Blue,0.89
2025-03-17 12:46:17,Ultramarine,0.87
2025-03-17 12:46:17,Ultramarine,0.87
2025-03-17 12:46:17,Ultramarine,0.87
2025-03-17 12:46:17,Duke Blue,0.87
2025-03-17 12:46:17,Ultramarine,0.87
2025-03-17 12:46:17,Ultramarine,0.88
2025-03-17 12:46:17,Ultramarine,0.88
2025-03-17 12:46:17,Ultramarine,0.87
2025-03-17 12:46:17,Ultramarine,0.90
2025-03-17 12:46:17,Ultramarine,0.88
2025-03-17 12:46:17,Ultramarine,0.88
2025-03-17 12:46:17,Ultramarine,0.87
2025-03-17 12:46:17,Duke Blue,0.87
2025-03-17 12:46:17,Ultramarine,0.88
2025-03-17 12:46:17,Ultramarine,0.88
2025-03-17 12:46:17,Ultramarine,0.87
2025-03-17 12:46:17,Duke Blue,0.88
2025-03-17 12:46:17,Ultramarine,0.87
2025-03-17 12:46:17,Duke Blue,0.87
2025-03-17 12:46:17,Ultramarine,0.87
2025-03-17 12:46:18,Ultramarine,0.88
2025-03-17 12:46:18,Ultramarine,0.88
2025-03-17 12:46:18,Ultramarine,0.87
2025-03-17 12:46:18,Ultramarine,0.88
2025-03-17 12:46:18,Ultramarine,0.88
2025-03-17 12:46:18,Ultramarine,0.87
2025-03-17 12:46:18,Ultramarine,0.88
2025-03-17 12:46:18,Ultramarine,0.87
2025-03-17 12:46:18,Ultramarine,0.90
2025-03-17 12:46:18,Duke Blue,0.87
2025-03-17 12:46:18,Ultramarine,0.87
2025-03-17 12:46:18,Duke Blue,0.90
2025-03-17 12:46:18,Duke Blue,0.86
2025-03-17 12:46:18,Duke Blue,0.88
2025-03-17 12:46:18,Duke Blue,0.89
2025-03-17 12:46:18,Duke Blue,0.90
2025-03-17 12:46:18,Duke Blue,0.88
2025-03-17 12:46:18,Zaffre,0.87
2025-03-17 12:46:18,Zaffre,0.83
2025-03-17 12:46:18,Zaffre,0.80
2025-03-17 12:46:18,Zaffre,0.83
2025-03-17 12:46:18,Zaffre,0.82
2025-03-17 12:46:18,Midnight Blue,0.86
2025-03-17 12:46:18,Dark Jungle Green,0.80
2025-03-17 12:46:18,Rose Taupe,0.84
2025-03-17 12:46:18,Old Rose,0.89
2025-03-17 12:46:18,Eggplant,0.92
2025-03-17 12:46:18,Dark Jungle Green,0.79
2025-03-17 12:46:18,Onyx,0.80
2025-03-17 12:46:19,Onyx,0.82
2025-03-17 12:46:19,Onyx,0.82
2025-03-17 12:46:19,Rose Taupe,0.87
2025-03-17 12:46:19,Rosy Brown,0.90
2025-03-17 12:46:19,Rosy Brown,0.89
2025-03-17 12:46:19,Pastel Pink,0.89
2025-03-17 12:46:19,Pale Chestnut,0.89
2025-03-17 12:46:19,Pastel Pink,0.83
2025-03-17 12:46:19,Rosy Brown,0.87
2025-03-17 12:46:19,Rosy Brown,0.91
2025-03-17 12:46:19,Rosy Brown,0.89
2025-03-17 12:46:19,Rosy Brown,0.89
2025-03-17 12:46:19,Rosy Brown,0.92
2025-03-17 12:46:19,Rosy Brown,0.89
2025-03-17 12:46:19,Rosy Brown,0.91
2025-03-17 12:46:19,Rosy Brown,0.88
2025-03-17 12:46:19,Old Rose,0.84
2025-03-17 12:46:19,Beaver,0.90
2025-03-17 12:46:19,Bazaar,0.90
2025-03-17 12:46:19,Tuscan Red,0.83
2025-03-17 12:46:19,Bistre,0.82
2025-03-17 12:46:19,Dark Jungle Green,0.83
2025-03-17 12:46:19,Dark Jungle Green,0.80
2025-03-17 12:46:19,Dark Jungle Green,0.81
2025-03-17 12:46:19,Dark Jungle Green,0.80
2025-03-17 12:46:19,Dark Jungle Green,0.82
2025-03-17 12:46:19,Dark Jungle Green,0.81
2025-03-17 12:46:19,Dark Jungle Green,0.82
2025-03-17 12:46:19,Dark Jungle Green,0.84
2025-03-17 12:46:19,Dark Jungle Green,0.82
2025-03-17 12:46:20,Dark Jungle Green,0.83
2025-03-17 12:46:20,Dark Jungle Green,0.86
2025-03-17 12:46:20,Dark Jungle Green,0.83
2025-03-17 12:46:20,Dark Jungle Green,0.80
2025-03-17 12:46:20,Dark Jungle Green,0.78
2025-03-17 12:46:20,Dark Jungle Green,0.84
2025-03-17 12:46:20,Dark Jungle Green,0.79
2025-03-17 12:46:20,Dark Jungle Green,0.78
2025-03-17 12:46:20,Dark Jungle Green,0.82
2025-03-17 12:46:20,Taupe,0.85
2025-03-17 12:46:20,Beaver,0.86
2025-03-17 12:46:20,Light Taupe,0.84
2025-03-17 12:46:20,Rosy Brown,0.91
2025-03-17 12:46:20,Rosy Brown,0.91
2025-03-17 12:46:20,Rosy Brown,0.92
2025-03-17 12:46:20,Rosy Brown,0.93
2025-03-17 12:46:20,Rosy Brown,0.89
2025-03-17 12:46:20,Rosy Brown,0.88
2025-03-17 12:46:20,Rosy Brown,0.88
2025-03-17 12:46:20,Rosy Brown,0.88
2025-03-17 12:46:20,Rosy Brown,0.89
2025-03-17 12:46:20,Rosy Brown,0.88
2025-03-17 12:46:20,Rosy Brown,0.88
2025-03-17 12:46:20,Rosy Brown,0.87
2025-03-17 12:46:20,Old Rose,0.86
2025-03-17 12:46:20,Rosy Brown,0.89
2025-03-17 12:46:20,Rosy Brown,0.90
2025-03-17 12:46:20,Rosy Brown,0.91
2025-03-17 12:46:20,Rosy Brown,0.88
2025-03-17 12:46:20,Rosy Brown,0.88
2025-03-17 12:46:21,Rosy Brown,0.87
2025-03-17 12:46:21,Rosy Brown,0.87
2025-03-17 12:46:21,Rosy Brown,0.88
2025-03-17 12:46:21,Rosy Brown,0.87
2025-03-17 12:46:21,Rosy Brown,0.86
2025-03-17 12:46:21,Rosy Brown,0.87
2025-03-17 12:46:21,Old Rose,0.87
2025-03-17 12:46:21,Old Rose,0.87
2025-03-17 12:46:21,Rosy Brown,0.89
2025-03-17 12:46:21,Rosy Brown,0.87
2025-03-17 12:46:21,Old Rose,0.87
